model,split_label,val_acc,val_f1,energy_uJ,n_params,train_time_s,subject,repeat,fold
ATCNet,subj1_rep0_fold0,0.8966,0.8949,62.407795,29155,49.2,1,0,0
ATCNet,subj1_rep0_fold1,0.8851,0.8842,62.407795,29155,48.2,1,0,1
ATCNet,subj1_rep0_fold2,0.8605,0.8581,62.407795,29155,56.6,1,0,2
ATCNet,subj1_rep0_fold3,0.8953,0.8963,62.407795,29155,46.4,1,0,3
ATCNet,subj1_rep0_fold4,0.8953,0.8954,62.407795,29155,59.3,1,0,4
ATCNet,subj1_rep1_fold0,0.8736,0.8685,62.407795,29155,55.1,1,1,0
ATCNet,subj1_rep1_fold1,0.8621,0.8623,62.407795,29155,43.4,1,1,1
ATCNet,subj1_rep1_fold2,0.907,0.905,62.407795,29155,61.6,1,1,2
ATCNet,subj1_rep1_fold3,0.9302,0.9307,62.407795,29155,76.5,1,1,3
ATCNet,subj1_rep1_fold4,0.814,0.8085,62.407795,29155,45.4,1,1,4
ATCNet,subj1_rep2_fold0,0.8621,0.8621,62.407795,29155,65.5,1,2,0
ATCNet,subj1_rep2_fold1,0.8506,0.849,62.407795,29155,51.7,1,2,1
ATCNet,subj1_rep2_fold2,0.907,0.9063,62.407795,29155,59.8,1,2,2
ATCNet,subj1_rep2_fold3,0.8837,0.8838,62.407795,29155,44.4,1,2,3
ATCNet,subj1_rep2_fold4,0.9302,0.9292,62.407795,29155,88.3,1,2,4
ATCNet,subj1_rep3_fold0,0.9195,0.9181,62.407795,29155,61.5,1,3,0
ATCNet,subj1_rep3_fold1,0.8506,0.8489,62.407795,29155,59.1,1,3,1
ATCNet,subj1_rep3_fold2,0.9186,0.9177,62.407795,29155,48.4,1,3,2
ATCNet,subj1_rep3_fold3,0.8488,0.85,62.407795,29155,35.0,1,3,3
ATCNet,subj1_rep3_fold4,0.8953,0.8951,62.407795,29155,68.6,1,3,4
ATCNet,subj1_rep4_fold0,0.8276,0.819,62.407795,29155,48.6,1,4,0
ATCNet,subj1_rep4_fold1,0.9195,0.9199,62.407795,29155,56.2,1,4,1
ATCNet,subj1_rep4_fold2,0.8953,0.895,62.407795,29155,47.3,1,4,2
ATCNet,subj1_rep4_fold3,0.8721,0.8696,62.407795,29155,58.5,1,4,3
ATCNet,subj1_rep4_fold4,0.9302,0.93,62.407795,29155,52.2,1,4,4
ATCNet,subj2_rep0_fold0,0.7356,0.722,62.407795,29155,64.8,2,0,0
ATCNet,subj2_rep0_fold1,0.7241,0.7175,62.407795,29155,72.1,2,0,1
ATCNet,subj2_rep0_fold2,0.686,0.6725,62.407795,29155,84.9,2,0,2
ATCNet,subj2_rep0_fold3,0.686,0.6774,62.407795,29155,100.7,2,0,3
ATCNet,subj2_rep0_fold4,0.7209,0.7233,62.407795,29155,88.1,2,0,4
ATCNet,subj2_rep1_fold0,0.6897,0.6669,62.407795,29155,102.3,2,1,0
ATCNet,subj2_rep1_fold1,0.7011,0.6957,62.407795,29155,90.9,2,1,1
ATCNet,subj2_rep1_fold2,0.6279,0.5902,62.407795,29155,47.2,2,1,2
ATCNet,subj2_rep1_fold3,0.6977,0.6813,62.407795,29155,77.2,2,1,3
ATCNet,subj2_rep1_fold4,0.6512,0.6431,62.407795,29155,44.9,2,1,4
ATCNet,subj2_rep2_fold0,0.6437,0.6383,62.407795,29155,46.5,2,2,0
ATCNet,subj2_rep2_fold1,0.7126,0.7022,62.407795,29155,44.4,2,2,1
ATCNet,subj2_rep2_fold2,0.6977,0.6904,62.407795,29155,64.6,2,2,2
ATCNet,subj2_rep2_fold3,0.7791,0.7756,62.407795,29155,80.1,2,2,3
ATCNet,subj2_rep2_fold4,0.6279,0.6035,62.407795,29155,68.8,2,2,4
ATCNet,subj2_rep3_fold0,0.7241,0.7186,62.407795,29155,55.0,2,3,0
ATCNet,subj2_rep3_fold1,0.7816,0.7739,62.407795,29155,109.1,2,3,1
ATCNet,subj2_rep3_fold2,0.6977,0.697,62.407795,29155,77.6,2,3,2
ATCNet,subj2_rep3_fold3,0.7326,0.7143,62.407795,29155,67.8,2,3,3
ATCNet,subj2_rep3_fold4,0.7326,0.7019,62.407795,29155,72.9,2,3,4
ATCNet,subj2_rep4_fold0,0.6437,0.6411,62.407795,29155,52.7,2,4,0
ATCNet,subj2_rep4_fold1,0.6782,0.6772,62.407795,29155,54.4,2,4,1
ATCNet,subj2_rep4_fold2,0.7674,0.7513,62.407795,29155,68.3,2,4,2
ATCNet,subj2_rep4_fold3,0.7093,0.7034,62.407795,29155,59.8,2,4,3
ATCNet,subj2_rep4_fold4,0.7442,0.7325,62.407795,29155,63.8,2,4,4
ATCNet,subj3_rep0_fold0,0.908,0.9078,62.407795,29155,57.5,3,0,0
ATCNet,subj3_rep0_fold1,0.9425,0.9425,62.407795,29155,54.2,3,0,1
ATCNet,subj3_rep0_fold2,0.907,0.9065,62.407795,29155,38.0,3,0,2
ATCNet,subj3_rep0_fold3,0.9186,0.919,62.407795,29155,36.0,3,0,3
ATCNet,subj3_rep0_fold4,0.9651,0.9653,62.407795,29155,79.8,3,0,4
ATCNet,subj3_rep1_fold0,0.9425,0.9425,62.407795,29155,99.9,3,1,0
ATCNet,subj3_rep1_fold1,0.954,0.9542,62.407795,29155,74.9,3,1,1
ATCNet,subj3_rep1_fold2,0.9302,0.9306,62.407795,29155,70.1,3,1,2
ATCNet,subj3_rep1_fold3,0.9535,0.954,62.407795,29155,55.3,3,1,3
ATCNet,subj3_rep1_fold4,0.9767,0.9766,62.407795,29155,68.8,3,1,4
ATCNet,subj3_rep2_fold0,0.9425,0.9425,62.407795,29155,63.1,3,2,0
ATCNet,subj3_rep2_fold1,0.954,0.9531,62.407795,29155,76.9,3,2,1
ATCNet,subj3_rep2_fold2,0.907,0.907,62.407795,29155,43.3,3,2,2
ATCNet,subj3_rep2_fold3,0.9535,0.9536,62.407795,29155,54.3,3,2,3
ATCNet,subj3_rep2_fold4,0.907,0.9071,62.407795,29155,67.9,3,2,4
ATCNet,subj3_rep3_fold0,0.908,0.9084,62.407795,29155,84.1,3,3,0
ATCNet,subj3_rep3_fold1,0.908,0.9064,62.407795,29155,35.5,3,3,1
ATCNet,subj3_rep3_fold2,0.9651,0.965,62.407795,29155,47.7,3,3,2
ATCNet,subj3_rep3_fold3,0.9302,0.9306,62.407795,29155,48.4,3,3,3
ATCNet,subj3_rep3_fold4,0.8953,0.8954,62.407795,29155,51.1,3,3,4
ATCNet,subj3_rep4_fold0,0.9195,0.9193,62.407795,29155,63.7,3,4,0
ATCNet,subj3_rep4_fold1,0.954,0.954,62.407795,29155,66.9,3,4,1
ATCNet,subj3_rep4_fold2,0.9767,0.9764,62.407795,29155,87.5,3,4,2
ATCNet,subj3_rep4_fold3,0.9419,0.9421,62.407795,29155,72.3,3,4,3
ATCNet,subj3_rep4_fold4,0.9186,0.9187,62.407795,29155,66.0,3,4,4
ATCNet,subj4_rep0_fold0,0.7931,0.7926,62.407795,29155,86.0,4,0,0
ATCNet,subj4_rep0_fold1,0.5862,0.5833,62.407795,29155,50.8,4,0,1
ATCNet,subj4_rep0_fold2,0.686,0.6935,62.407795,29155,57.6,4,0,2
ATCNet,subj4_rep0_fold3,0.686,0.6889,62.407795,29155,68.8,4,0,3
ATCNet,subj4_rep0_fold4,0.6279,0.6185,62.407795,29155,40.4,4,0,4
ATCNet,subj4_rep1_fold0,0.6782,0.6774,62.407795,29155,89.8,4,1,0
ATCNet,subj4_rep1_fold1,0.8161,0.8152,62.407795,29155,102.4,4,1,1
ATCNet,subj4_rep1_fold2,0.7791,0.7817,62.407795,29155,89.8,4,1,2
ATCNet,subj4_rep1_fold3,0.7442,0.7328,62.407795,29155,81.4,4,1,3
ATCNet,subj4_rep1_fold4,0.7209,0.7167,62.407795,29155,118.8,4,1,4
ATCNet,subj4_rep2_fold0,0.7126,0.7088,62.407795,29155,75.5,4,2,0
ATCNet,subj4_rep2_fold1,0.7241,0.7187,62.407795,29155,94.5,4,2,1
ATCNet,subj4_rep2_fold2,0.7093,0.703,62.407795,29155,76.9,4,2,2
ATCNet,subj4_rep2_fold3,0.6977,0.701,62.407795,29155,54.2,4,2,3
ATCNet,subj4_rep2_fold4,0.8023,0.8017,62.407795,29155,39.3,4,2,4
ATCNet,subj4_rep3_fold0,0.7471,0.7429,62.407795,29155,99.8,4,3,0
ATCNet,subj4_rep3_fold1,0.7241,0.7209,62.407795,29155,70.2,4,3,1
ATCNet,subj4_rep3_fold2,0.6977,0.693,62.407795,29155,101.5,4,3,2
ATCNet,subj4_rep3_fold3,0.6744,0.6697,62.407795,29155,91.6,4,3,3
ATCNet,subj4_rep3_fold4,0.7093,0.7047,62.407795,29155,73.7,4,3,4
ATCNet,subj4_rep4_fold0,0.7241,0.7241,62.407795,29155,80.6,4,4,0
ATCNet,subj4_rep4_fold1,0.7126,0.7129,62.407795,29155,83.7,4,4,1
ATCNet,subj4_rep4_fold2,0.7442,0.7446,62.407795,29155,90.2,4,4,2
ATCNet,subj4_rep4_fold3,0.6977,0.6822,62.407795,29155,52.7,4,4,3
ATCNet,subj4_rep4_fold4,0.7093,0.697,62.407795,29155,47.1,4,4,4
ATCNet,subj5_rep0_fold0,0.4253,0.3717,62.407795,29155,59.3,5,0,0
ATCNet,subj5_rep0_fold1,0.5747,0.5774,62.407795,29155,55.1,5,0,1
ATCNet,subj5_rep0_fold2,0.5,0.4914,62.407795,29155,48.7,5,0,2
ATCNet,subj5_rep0_fold3,0.3837,0.317,62.407795,29155,55.7,5,0,3
ATCNet,subj5_rep0_fold4,0.5349,0.5352,62.407795,29155,50.7,5,0,4
ATCNet,subj5_rep1_fold0,0.4483,0.4306,62.407795,29155,39.5,5,1,0
ATCNet,subj5_rep1_fold1,0.5402,0.5405,62.407795,29155,35.4,5,1,1
ATCNet,subj5_rep1_fold2,0.407,0.3993,62.407795,29155,31.5,5,1,2
ATCNet,subj5_rep1_fold3,0.4767,0.4815,62.407795,29155,39.6,5,1,3
ATCNet,subj5_rep1_fold4,0.5,0.496,62.407795,29155,85.3,5,1,4
ATCNet,subj5_rep2_fold0,0.4368,0.431,62.407795,29155,42.6,5,2,0
ATCNet,subj5_rep2_fold1,0.4253,0.4014,62.407795,29155,52.2,5,2,1
ATCNet,subj5_rep2_fold2,0.4767,0.4771,62.407795,29155,31.6,5,2,2
ATCNet,subj5_rep2_fold3,0.4535,0.43,62.407795,29155,30.5,5,2,3
ATCNet,subj5_rep2_fold4,0.4884,0.4767,62.407795,29155,42.0,5,2,4
ATCNet,subj5_rep3_fold0,0.4483,0.4221,62.407795,29155,52.3,5,3,0
ATCNet,subj5_rep3_fold1,0.4598,0.4531,62.407795,29155,41.0,5,3,1
ATCNet,subj5_rep3_fold2,0.5116,0.5044,62.407795,29155,48.7,5,3,2
ATCNet,subj5_rep3_fold3,0.4651,0.3925,62.407795,29155,25.5,5,3,3
ATCNet,subj5_rep3_fold4,0.593,0.5824,62.407795,29155,75.7,5,3,4
ATCNet,subj5_rep4_fold0,0.4368,0.4278,62.407795,29155,48.8,5,4,0
ATCNet,subj5_rep4_fold1,0.6552,0.6465,62.407795,29155,74.8,5,4,1
ATCNet,subj5_rep4_fold2,0.407,0.2991,62.407795,29155,32.5,5,4,2
ATCNet,subj5_rep4_fold3,0.4186,0.4168,62.407795,29155,42.9,5,4,3
ATCNet,subj5_rep4_fold4,0.407,0.3848,62.407795,29155,37.1,5,4,4
ATCNet,subj6_rep0_fold0,0.6667,0.6641,62.407795,29155,70.8,6,0,0
ATCNet,subj6_rep0_fold1,0.7011,0.7011,62.407795,29155,45.4,6,0,1
ATCNet,subj6_rep0_fold2,0.6163,0.6117,62.407795,29155,76.2,6,0,2
ATCNet,subj6_rep0_fold3,0.5698,0.5629,62.407795,29155,64.0,6,0,3
ATCNet,subj6_rep0_fold4,0.6279,0.6173,62.407795,29155,45.7,6,0,4
ATCNet,subj6_rep1_fold0,0.7586,0.7568,62.407795,29155,56.3,6,1,0
ATCNet,subj6_rep1_fold1,0.6552,0.6566,62.407795,29155,43.0,6,1,1
ATCNet,subj6_rep1_fold2,0.6628,0.662,62.407795,29155,43.0,6,1,2
ATCNet,subj6_rep1_fold3,0.6628,0.658,62.407795,29155,64.5,6,1,3
ATCNet,subj6_rep1_fold4,0.5581,0.537,62.407795,29155,60.7,6,1,4
ATCNet,subj6_rep2_fold0,0.6322,0.6317,62.407795,29155,48.7,6,2,0
ATCNet,subj6_rep2_fold1,0.6207,0.6172,62.407795,29155,61.1,6,2,1
ATCNet,subj6_rep2_fold2,0.6279,0.61,62.407795,29155,76.5,6,2,2
ATCNet,subj6_rep2_fold3,0.5814,0.5559,62.407795,29155,54.3,6,2,3
ATCNet,subj6_rep2_fold4,0.6512,0.647,62.407795,29155,69.7,6,2,4
ATCNet,subj6_rep3_fold0,0.6092,0.6084,62.407795,29155,51.1,6,3,0
ATCNet,subj6_rep3_fold1,0.6437,0.6404,62.407795,29155,74.4,6,3,1
ATCNet,subj6_rep3_fold2,0.6744,0.6761,62.407795,29155,68.8,6,3,2
ATCNet,subj6_rep3_fold3,0.6628,0.6612,62.407795,29155,60.2,6,3,3
ATCNet,subj6_rep3_fold4,0.6744,0.6748,62.407795,29155,74.5,6,3,4
ATCNet,subj6_rep4_fold0,0.6782,0.6659,62.407795,29155,38.0,6,4,0
ATCNet,subj6_rep4_fold1,0.5862,0.5811,62.407795,29155,68.8,6,4,1
ATCNet,subj6_rep4_fold2,0.5349,0.5248,62.407795,29155,32.1,6,4,2
ATCNet,subj6_rep4_fold3,0.5698,0.5654,62.407795,29155,63.4,6,4,3
ATCNet,subj6_rep4_fold4,0.6628,0.6526,62.407795,29155,73.8,6,4,4
ATCNet,subj7_rep0_fold0,0.908,0.9076,62.407795,29155,84.2,7,0,0
ATCNet,subj7_rep0_fold1,0.9195,0.9197,62.407795,29155,57.3,7,0,1
ATCNet,subj7_rep0_fold2,0.8488,0.8511,62.407795,29155,64.8,7,0,2
ATCNet,subj7_rep0_fold3,0.8837,0.883,62.407795,29155,102.9,7,0,3
ATCNet,subj7_rep0_fold4,0.9186,0.917,62.407795,29155,77.8,7,0,4
ATCNet,subj7_rep1_fold0,0.9195,0.9193,62.407795,29155,85.2,7,1,0
ATCNet,subj7_rep1_fold1,0.908,0.9079,62.407795,29155,66.4,7,1,1
ATCNet,subj7_rep1_fold2,0.8372,0.8404,62.407795,29155,57.8,7,1,2
ATCNet,subj7_rep1_fold3,0.8837,0.883,62.407795,29155,69.0,7,1,3
ATCNet,subj7_rep1_fold4,0.8837,0.8801,62.407795,29155,69.8,7,1,4
ATCNet,subj7_rep2_fold0,0.8966,0.8956,62.407795,29155,73.1,7,2,0
ATCNet,subj7_rep2_fold1,0.8966,0.8936,62.407795,29155,80.5,7,2,1
ATCNet,subj7_rep2_fold2,0.8721,0.8657,62.407795,29155,63.4,7,2,2
ATCNet,subj7_rep2_fold3,0.9186,0.9174,62.407795,29155,76.8,7,2,3
ATCNet,subj7_rep2_fold4,0.9535,0.9531,62.407795,29155,83.9,7,2,4
ATCNet,subj7_rep3_fold0,0.7931,0.7806,62.407795,29155,68.8,7,3,0
ATCNet,subj7_rep3_fold1,0.9425,0.9423,62.407795,29155,95.8,7,3,1
ATCNet,subj7_rep3_fold2,0.8953,0.8953,62.407795,29155,69.3,7,3,2
ATCNet,subj7_rep3_fold3,0.8837,0.8853,62.407795,29155,57.1,7,3,3
ATCNet,subj7_rep3_fold4,0.907,0.9073,62.407795,29155,77.6,7,3,4
ATCNet,subj7_rep4_fold0,0.8621,0.8607,62.407795,29155,52.9,7,4,0
ATCNet,subj7_rep4_fold1,0.8736,0.8703,62.407795,29155,89.8,7,4,1
ATCNet,subj7_rep4_fold2,0.7907,0.7861,62.407795,29155,60.5,7,4,2
ATCNet,subj7_rep4_fold3,0.8721,0.8715,62.407795,29155,87.2,7,4,3
ATCNet,subj7_rep4_fold4,0.8953,0.8916,62.407795,29155,73.5,7,4,4
ATCNet,subj8_rep0_fold0,0.8851,0.8851,62.407795,29155,55.8,8,0,0
ATCNet,subj8_rep0_fold1,0.8736,0.8738,62.407795,29155,60.9,8,0,1
ATCNet,subj8_rep0_fold2,0.8721,0.873,62.407795,29155,38.0,8,0,2
ATCNet,subj8_rep0_fold3,0.9302,0.9309,62.407795,29155,59.2,8,0,3
ATCNet,subj8_rep0_fold4,0.8488,0.8444,62.407795,29155,47.1,8,0,4
ATCNet,subj8_rep1_fold0,0.9195,0.9198,62.407795,29155,51.2,8,1,0
ATCNet,subj8_rep1_fold1,0.908,0.9093,62.407795,29155,44.2,8,1,1
ATCNet,subj8_rep1_fold2,0.8837,0.882,62.407795,29155,45.2,8,1,2
ATCNet,subj8_rep1_fold3,0.8488,0.8491,62.407795,29155,50.8,8,1,3
ATCNet,subj8_rep1_fold4,0.8953,0.8931,62.407795,29155,48.8,8,1,4
ATCNet,subj8_rep2_fold0,0.8621,0.8578,62.407795,29155,50.8,8,2,0
ATCNet,subj8_rep2_fold1,0.908,0.9091,62.407795,29155,68.6,8,2,1
ATCNet,subj8_rep2_fold2,0.907,0.9055,62.407795,29155,71.0,8,2,2
ATCNet,subj8_rep2_fold3,0.8837,0.8839,62.407795,29155,49.4,8,2,3
ATCNet,subj8_rep2_fold4,0.9419,0.9423,62.407795,29155,50.0,8,2,4
ATCNet,subj8_rep3_fold0,0.8851,0.8814,62.407795,29155,49.2,8,3,0
ATCNet,subj8_rep3_fold1,0.8621,0.8616,62.407795,29155,41.2,8,3,1
ATCNet,subj8_rep3_fold2,0.9419,0.9407,62.407795,29155,49.6,8,3,2
ATCNet,subj8_rep3_fold3,0.8953,0.8955,62.407795,29155,51.6,8,3,3
ATCNet,subj8_rep3_fold4,0.9302,0.93,62.407795,29155,61.9,8,3,4
ATCNet,subj8_rep4_fold0,0.8966,0.8918,62.407795,29155,52.8,8,4,0
ATCNet,subj8_rep4_fold1,0.8851,0.8837,62.407795,29155,42.2,8,4,1
ATCNet,subj8_rep4_fold2,0.9302,0.9304,62.407795,29155,58.4,8,4,2
ATCNet,subj8_rep4_fold3,0.8837,0.883,62.407795,29155,55.8,8,4,3
ATCNet,subj8_rep4_fold4,0.8953,0.8946,62.407795,29155,46.0,8,4,4
ATCNet,subj9_rep0_fold0,0.908,0.9082,62.407795,29155,40.9,9,0,0
ATCNet,subj9_rep0_fold1,0.8276,0.8274,62.407795,29155,50.5,9,0,1
ATCNet,subj9_rep0_fold2,0.9186,0.9185,62.407795,29155,33.8,9,0,2
ATCNet,subj9_rep0_fold3,0.8721,0.8712,62.407795,29155,36.5,9,0,3
ATCNet,subj9_rep0_fold4,0.8953,0.8953,62.407795,29155,72.7,9,0,4
ATCNet,subj9_rep1_fold0,0.8736,0.8733,62.407795,29155,37.0,9,1,0
ATCNet,subj9_rep1_fold1,0.931,0.9314,62.407795,29155,41.0,9,1,1
ATCNet,subj9_rep1_fold2,0.9186,0.9187,62.407795,29155,50.1,9,1,2
ATCNet,subj9_rep1_fold3,0.8488,0.8453,62.407795,29155,51.2,9,1,3
ATCNet,subj9_rep1_fold4,0.8488,0.8488,62.407795,29155,81.6,9,1,4
ATCNet,subj9_rep2_fold0,0.8966,0.8978,62.407795,29155,66.3,9,2,0
ATCNet,subj9_rep2_fold1,0.8621,0.8611,62.407795,29155,46.1,9,2,1
ATCNet,subj9_rep2_fold2,0.8372,0.8359,62.407795,29155,31.9,9,2,2
ATCNet,subj9_rep2_fold3,0.8605,0.8606,62.407795,29155,38.5,9,2,3
ATCNet,subj9_rep2_fold4,0.8837,0.8825,62.407795,29155,44.3,9,2,4
ATCNet,subj9_rep3_fold0,0.8506,0.8493,62.407795,29155,46.4,9,3,0
ATCNet,subj9_rep3_fold1,0.8966,0.8952,62.407795,29155,49.5,9,3,1
ATCNet,subj9_rep3_fold2,0.8721,0.873,62.407795,29155,58.6,9,3,2
ATCNet,subj9_rep3_fold3,0.8721,0.8721,62.407795,29155,49.1,9,3,3
ATCNet,subj9_rep3_fold4,0.9419,0.9423,62.407795,29155,50.2,9,3,4
ATCNet,subj9_rep4_fold0,0.8851,0.8854,62.407795,29155,43.7,9,4,0
ATCNet,subj9_rep4_fold1,0.7931,0.7933,62.407795,29155,49.3,9,4,1
ATCNet,subj9_rep4_fold2,0.9186,0.919,62.407795,29155,55.9,9,4,2
ATCNet,subj9_rep4_fold3,0.8953,0.8944,62.407795,29155,46.4,9,4,3
ATCNet,subj9_rep4_fold4,0.9186,0.9171,62.407795,29155,66.5,9,4,4
EEGNet,subj1_rep0_fold0,0.9195,0.9203,27.772224,2227,61.4,1,0,0
EEGNet,subj1_rep0_fold1,0.908,0.9082,27.772224,2227,43.5,1,0,1
EEGNet,subj1_rep0_fold2,0.814,0.8105,27.772224,2227,42.9,1,0,2
EEGNet,subj1_rep0_fold3,0.8488,0.8489,27.772224,2227,58.4,1,0,3
EEGNet,subj1_rep0_fold4,0.8721,0.8716,27.772224,2227,55.5,1,0,4
EEGNet,subj1_rep1_fold0,0.8851,0.8848,27.772224,2227,54.1,1,1,0
EEGNet,subj1_rep1_fold1,0.9195,0.9201,27.772224,2227,56.9,1,1,1
EEGNet,subj1_rep1_fold2,0.8256,0.8075,27.772224,2227,33.0,1,1,2
EEGNet,subj1_rep1_fold3,0.8953,0.8957,27.772224,2227,49.3,1,1,3
EEGNet,subj1_rep1_fold4,0.8953,0.8931,27.772224,2227,63.6,1,1,4
EEGNet,subj1_rep2_fold0,0.8736,0.8733,27.772224,2227,73.6,1,2,0
EEGNet,subj1_rep2_fold1,0.8621,0.8568,27.772224,2227,47.3,1,2,1
EEGNet,subj1_rep2_fold2,0.8837,0.8799,27.772224,2227,49.5,1,2,2
EEGNet,subj1_rep2_fold3,0.8953,0.8954,27.772224,2227,48.2,1,2,3
EEGNet,subj1_rep2_fold4,0.907,0.9065,27.772224,2227,57.9,1,2,4
EEGNet,subj1_rep3_fold0,0.8621,0.8589,27.772224,2227,47.2,1,3,0
EEGNet,subj1_rep3_fold1,0.908,0.9082,27.772224,2227,61.3,1,3,1
EEGNet,subj1_rep3_fold2,0.9186,0.9183,27.772224,2227,51.8,1,3,2
EEGNet,subj1_rep3_fold3,0.8721,0.8707,27.772224,2227,53.0,1,3,3
EEGNet,subj1_rep3_fold4,0.8256,0.8207,27.772224,2227,56.8,1,3,4
EEGNet,subj1_rep4_fold0,0.7931,0.7873,27.772224,2227,35.9,1,4,0
EEGNet,subj1_rep4_fold1,0.8966,0.8968,27.772224,2227,43.2,1,4,1
EEGNet,subj1_rep4_fold2,0.8605,0.8576,27.772224,2227,42.5,1,4,2
EEGNet,subj1_rep4_fold3,0.8721,0.8696,27.772224,2227,47.6,1,4,3
EEGNet,subj1_rep4_fold4,0.8372,0.8325,27.772224,2227,37.1,1,4,4
EEGNet,subj2_rep0_fold0,0.5172,0.5125,27.772224,2227,32.3,2,0,0
EEGNet,subj2_rep0_fold1,0.4253,0.4012,27.772224,2227,35.4,2,0,1
EEGNet,subj2_rep0_fold2,0.407,0.3569,27.772224,2227,23.3,2,0,2
EEGNet,subj2_rep0_fold3,0.3721,0.2655,27.772224,2227,17.7,2,0,3
EEGNet,subj2_rep0_fold4,0.3953,0.3667,27.772224,2227,19.9,2,0,4
EEGNet,subj2_rep1_fold0,0.4368,0.435,27.772224,2227,29.9,2,1,0
EEGNet,subj2_rep1_fold1,0.4598,0.4519,27.772224,2227,35.2,2,1,1
EEGNet,subj2_rep1_fold2,0.5116,0.5132,27.772224,2227,30.0,2,1,2
EEGNet,subj2_rep1_fold3,0.3605,0.3463,27.772224,2227,8.3,2,1,3
EEGNet,subj2_rep1_fold4,0.5233,0.5154,27.772224,2227,19.2,2,1,4
EEGNet,subj2_rep2_fold0,0.4138,0.3829,27.772224,2227,10.8,2,2,0
EEGNet,subj2_rep2_fold1,0.4483,0.4413,27.772224,2227,35.6,2,2,1
EEGNet,subj2_rep2_fold2,0.4651,0.4603,27.772224,2227,24.9,2,2,2
EEGNet,subj2_rep2_fold3,0.3953,0.3759,27.772224,2227,22.1,2,2,3
EEGNet,subj2_rep2_fold4,0.6628,0.6556,27.772224,2227,40.7,2,2,4
EEGNet,subj2_rep3_fold0,0.4023,0.4035,27.772224,2227,38.4,2,3,0
EEGNet,subj2_rep3_fold1,0.5057,0.4895,27.772224,2227,25.3,2,3,1
EEGNet,subj2_rep3_fold2,0.3605,0.3323,27.772224,2227,18.8,2,3,2
EEGNet,subj2_rep3_fold3,0.4419,0.423,27.772224,2227,21.8,2,3,3
EEGNet,subj2_rep3_fold4,0.4302,0.4305,27.772224,2227,22.0,2,3,4
EEGNet,subj2_rep4_fold0,0.4138,0.4111,27.772224,2227,26.5,2,4,0
EEGNet,subj2_rep4_fold1,0.5517,0.5436,27.772224,2227,32.5,2,4,1
EEGNet,subj2_rep4_fold2,0.3256,0.3197,27.772224,2227,16.4,2,4,2
EEGNet,subj2_rep4_fold3,0.407,0.4031,27.772224,2227,16.8,2,4,3
EEGNet,subj2_rep4_fold4,0.4767,0.4659,27.772224,2227,38.4,2,4,4
EEGNet,subj3_rep0_fold0,0.8736,0.8716,27.772224,2227,28.9,3,0,0
EEGNet,subj3_rep0_fold1,0.8506,0.8464,27.772224,2227,38.8,3,0,1
EEGNet,subj3_rep0_fold2,0.8837,0.8822,27.772224,2227,22.0,3,0,2
EEGNet,subj3_rep0_fold3,0.9302,0.9304,27.772224,2227,42.5,3,0,3
EEGNet,subj3_rep0_fold4,0.907,0.9058,27.772224,2227,32.2,3,0,4
EEGNet,subj3_rep1_fold0,0.8736,0.8708,27.772224,2227,25.5,3,1,0
EEGNet,subj3_rep1_fold1,0.8966,0.8945,27.772224,2227,41.6,3,1,1
EEGNet,subj3_rep1_fold2,0.8372,0.8299,27.772224,2227,33.6,3,1,2
EEGNet,subj3_rep1_fold3,0.8837,0.8845,27.772224,2227,32.7,3,1,3
EEGNet,subj3_rep1_fold4,0.907,0.9051,27.772224,2227,45.6,3,1,4
EEGNet,subj3_rep2_fold0,0.8506,0.8481,27.772224,2227,30.6,3,2,0
EEGNet,subj3_rep2_fold1,0.8966,0.8959,27.772224,2227,43.4,3,2,1
EEGNet,subj3_rep2_fold2,0.8953,0.8907,27.772224,2227,43.1,3,2,2
EEGNet,subj3_rep2_fold3,0.8721,0.8699,27.772224,2227,51.1,3,2,3
EEGNet,subj3_rep2_fold4,0.907,0.9044,27.772224,2227,45.0,3,2,4
EEGNet,subj3_rep3_fold0,0.8506,0.8494,27.772224,2227,42.6,3,3,0
EEGNet,subj3_rep3_fold1,0.8506,0.8453,27.772224,2227,46.5,3,3,1
EEGNet,subj3_rep3_fold2,0.8488,0.8455,27.772224,2227,27.7,3,3,2
EEGNet,subj3_rep3_fold3,0.8953,0.896,27.772224,2227,49.1,3,3,3
EEGNet,subj3_rep3_fold4,0.8953,0.8943,27.772224,2227,41.8,3,3,4
EEGNet,subj3_rep4_fold0,0.8736,0.8715,27.772224,2227,31.1,3,4,0
EEGNet,subj3_rep4_fold1,0.8506,0.8503,27.772224,2227,43.3,3,4,1
EEGNet,subj3_rep4_fold2,0.8488,0.8385,27.772224,2227,40.0,3,4,2
EEGNet,subj3_rep4_fold3,0.8721,0.8699,27.772224,2227,50.8,3,4,3
EEGNet,subj3_rep4_fold4,0.814,0.7998,27.772224,2227,30.8,3,4,4
EEGNet,subj4_rep0_fold0,0.6552,0.6474,27.772224,2227,28.3,4,0,0
EEGNet,subj4_rep0_fold1,0.5632,0.5573,27.772224,2227,28.7,4,0,1
EEGNet,subj4_rep0_fold2,0.7093,0.7118,27.772224,2227,46.9,4,0,2
EEGNet,subj4_rep0_fold3,0.7442,0.743,27.772224,2227,47.2,4,0,3
EEGNet,subj4_rep0_fold4,0.7558,0.757,27.772224,2227,51.7,4,0,4
EEGNet,subj4_rep1_fold0,0.5977,0.5919,27.772224,2227,45.6,4,1,0
EEGNet,subj4_rep1_fold1,0.6782,0.6683,27.772224,2227,33.9,4,1,1
EEGNet,subj4_rep1_fold2,0.5581,0.5434,27.772224,2227,21.8,4,1,2
EEGNet,subj4_rep1_fold3,0.8837,0.8833,27.772224,2227,60.9,4,1,3
EEGNet,subj4_rep1_fold4,0.5581,0.5417,27.772224,2227,38.8,4,1,4
EEGNet,subj4_rep2_fold0,0.5287,0.5128,27.772224,2227,32.5,4,2,0
EEGNet,subj4_rep2_fold1,0.6897,0.6901,27.772224,2227,48.7,4,2,1
EEGNet,subj4_rep2_fold2,0.6628,0.652,27.772224,2227,32.3,4,2,2
EEGNet,subj4_rep2_fold3,0.686,0.6836,27.772224,2227,60.8,4,2,3
EEGNet,subj4_rep2_fold4,0.5581,0.5544,27.772224,2227,33.1,4,2,4
EEGNet,subj4_rep3_fold0,0.5172,0.5169,27.772224,2227,36.0,4,3,0
EEGNet,subj4_rep3_fold1,0.5977,0.5912,27.772224,2227,25.5,4,3,1
EEGNet,subj4_rep3_fold2,0.6395,0.6396,27.772224,2227,48.1,4,3,2
EEGNet,subj4_rep3_fold3,0.5465,0.533,27.772224,2227,31.1,4,3,3
EEGNet,subj4_rep3_fold4,0.6512,0.6403,27.772224,2227,34.9,4,3,4
EEGNet,subj4_rep4_fold0,0.4368,0.426,27.772224,2227,37.3,4,4,0
EEGNet,subj4_rep4_fold1,0.6322,0.6368,27.772224,2227,63.2,4,4,1
EEGNet,subj4_rep4_fold2,0.5349,0.5352,27.772224,2227,41.0,4,4,2
EEGNet,subj4_rep4_fold3,0.5581,0.5462,27.772224,2227,35.4,4,4,3
EEGNet,subj4_rep4_fold4,0.6977,0.6983,27.772224,2227,37.2,4,4,4
EEGNet,subj5_rep0_fold0,0.4138,0.4101,27.772224,2227,35.9,5,0,0
EEGNet,subj5_rep0_fold1,0.4598,0.4533,27.772224,2227,28.7,5,0,1
EEGNet,subj5_rep0_fold2,0.3605,0.3552,27.772224,2227,18.0,5,0,2
EEGNet,subj5_rep0_fold3,0.5581,0.5556,27.772224,2227,30.6,5,0,3
EEGNet,subj5_rep0_fold4,0.3953,0.2957,27.772224,2227,25.6,5,0,4
EEGNet,subj5_rep1_fold0,0.5517,0.5463,27.772224,2227,55.8,5,1,0
EEGNet,subj5_rep1_fold1,0.3678,0.3624,27.772224,2227,16.7,5,1,1
EEGNet,subj5_rep1_fold2,0.4767,0.4734,27.772224,2227,28.2,5,1,2
EEGNet,subj5_rep1_fold3,0.4651,0.4656,27.772224,2227,22.8,5,1,3
EEGNet,subj5_rep1_fold4,0.5,0.4999,27.772224,2227,24.4,5,1,4
EEGNet,subj5_rep2_fold0,0.3678,0.3681,27.772224,2227,21.0,5,2,0
EEGNet,subj5_rep2_fold1,0.4713,0.4704,27.772224,2227,20.4,5,2,1
EEGNet,subj5_rep2_fold2,0.4535,0.4545,27.772224,2227,20.4,5,2,2
EEGNet,subj5_rep2_fold3,0.5465,0.5471,27.772224,2227,42.4,5,2,3
EEGNet,subj5_rep2_fold4,0.3953,0.393,27.772224,2227,33.1,5,2,4
EEGNet,subj5_rep3_fold0,0.5632,0.5626,27.772224,2227,40.5,5,3,0
EEGNet,subj5_rep3_fold1,0.4828,0.4663,27.772224,2227,18.6,5,3,1
EEGNet,subj5_rep3_fold2,0.4419,0.4349,27.772224,2227,26.7,5,3,2
EEGNet,subj5_rep3_fold3,0.4186,0.3784,27.772224,2227,25.9,5,3,3
EEGNet,subj5_rep3_fold4,0.5116,0.5051,27.772224,2227,39.4,5,3,4
EEGNet,subj5_rep4_fold0,0.4368,0.4336,27.772224,2227,28.0,5,4,0
EEGNet,subj5_rep4_fold1,0.4253,0.4099,27.772224,2227,23.3,5,4,1
EEGNet,subj5_rep4_fold2,0.407,0.407,27.772224,2227,33.7,5,4,2
EEGNet,subj5_rep4_fold3,0.4884,0.4748,27.772224,2227,37.1,5,4,3
EEGNet,subj5_rep4_fold4,0.3721,0.3718,27.772224,2227,27.8,5,4,4
EEGNet,subj6_rep0_fold0,0.4828,0.4756,27.772224,2227,18.9,6,0,0
EEGNet,subj6_rep0_fold1,0.5632,0.5586,27.772224,2227,30.3,6,0,1
EEGNet,subj6_rep0_fold2,0.4535,0.4565,27.772224,2227,23.2,6,0,2
EEGNet,subj6_rep0_fold3,0.4884,0.4657,27.772224,2227,38.6,6,0,3
EEGNet,subj6_rep0_fold4,0.5233,0.5223,27.772224,2227,26.8,6,0,4
EEGNet,subj6_rep1_fold0,0.5057,0.5023,27.772224,2227,27.6,6,1,0
EEGNet,subj6_rep1_fold1,0.4943,0.3952,27.772224,2227,15.7,6,1,1
EEGNet,subj6_rep1_fold2,0.5,0.501,27.772224,2227,35.3,6,1,2
EEGNet,subj6_rep1_fold3,0.5,0.4907,27.772224,2227,27.7,6,1,3
EEGNet,subj6_rep1_fold4,0.5465,0.5377,27.772224,2227,38.4,6,1,4
EEGNet,subj6_rep2_fold0,0.4598,0.4607,27.772224,2227,17.8,6,2,0
EEGNet,subj6_rep2_fold1,0.5287,0.5274,27.772224,2227,22.5,6,2,1
EEGNet,subj6_rep2_fold2,0.4767,0.4787,27.772224,2227,19.2,6,2,2
EEGNet,subj6_rep2_fold3,0.5233,0.5162,27.772224,2227,35.4,6,2,3
EEGNet,subj6_rep2_fold4,0.4884,0.4915,27.772224,2227,30.2,6,2,4
EEGNet,subj6_rep3_fold0,0.5632,0.553,27.772224,2227,34.0,6,3,0
EEGNet,subj6_rep3_fold1,0.5862,0.5771,27.772224,2227,55.5,6,3,1
EEGNet,subj6_rep3_fold2,0.5465,0.5415,27.772224,2227,52.3,6,3,2
EEGNet,subj6_rep3_fold3,0.5116,0.5042,27.772224,2227,23.2,6,3,3
EEGNet,subj6_rep3_fold4,0.6047,0.5984,27.772224,2227,33.9,6,3,4
EEGNet,subj6_rep4_fold0,0.5057,0.5,27.772224,2227,28.7,6,4,0
EEGNet,subj6_rep4_fold1,0.4713,0.4718,27.772224,2227,25.2,6,4,1
EEGNet,subj6_rep4_fold2,0.5349,0.5274,27.772224,2227,23.8,6,4,2
EEGNet,subj6_rep4_fold3,0.5349,0.5243,27.772224,2227,34.5,6,4,3
EEGNet,subj6_rep4_fold4,0.5581,0.5604,27.772224,2227,27.2,6,4,4
EEGNet,subj7_rep0_fold0,0.4253,0.4255,27.772224,2227,29.3,7,0,0
EEGNet,subj7_rep0_fold1,0.4828,0.4736,27.772224,2227,28.8,7,0,1
EEGNet,subj7_rep0_fold2,0.8721,0.8719,27.772224,2227,62.5,7,0,2
EEGNet,subj7_rep0_fold3,0.407,0.3979,27.772224,2227,16.5,7,0,3
EEGNet,subj7_rep0_fold4,0.7674,0.7658,27.772224,2227,46.2,7,0,4
EEGNet,subj7_rep1_fold0,0.8276,0.8245,27.772224,2227,55.0,7,1,0
EEGNet,subj7_rep1_fold1,0.4253,0.3994,27.772224,2227,16.0,7,1,1
EEGNet,subj7_rep1_fold2,0.7791,0.7545,27.772224,2227,40.9,7,1,2
EEGNet,subj7_rep1_fold3,0.6977,0.6636,27.772224,2227,46.9,7,1,3
EEGNet,subj7_rep1_fold4,0.4535,0.3981,27.772224,2227,19.1,7,1,4
EEGNet,subj7_rep2_fold0,0.8966,0.8965,27.772224,2227,55.8,7,2,0
EEGNet,subj7_rep2_fold1,0.4598,0.443,27.772224,2227,21.1,7,2,1
EEGNet,subj7_rep2_fold2,0.7907,0.7929,27.772224,2227,40.8,7,2,2
EEGNet,subj7_rep2_fold3,0.5698,0.5635,27.772224,2227,47.3,7,2,3
EEGNet,subj7_rep2_fold4,0.8605,0.8546,27.772224,2227,77.8,7,2,4
EEGNet,subj7_rep3_fold0,0.7701,0.7667,27.772224,2227,51.5,7,3,0
EEGNet,subj7_rep3_fold1,0.5517,0.5366,27.772224,2227,29.7,7,3,1
EEGNet,subj7_rep3_fold2,0.8023,0.8017,27.772224,2227,61.9,7,3,2
EEGNet,subj7_rep3_fold3,0.4651,0.4655,27.772224,2227,22.8,7,3,3
EEGNet,subj7_rep3_fold4,0.8023,0.8009,27.772224,2227,54.7,7,3,4
EEGNet,subj7_rep4_fold0,0.8161,0.8144,27.772224,2227,50.2,7,4,0
EEGNet,subj7_rep4_fold1,0.7931,0.7908,27.772224,2227,50.7,7,4,1
EEGNet,subj7_rep4_fold2,0.4651,0.4616,27.772224,2227,24.1,7,4,2
EEGNet,subj7_rep4_fold3,0.7442,0.7385,27.772224,2227,45.5,7,4,3
EEGNet,subj7_rep4_fold4,0.3837,0.384,27.772224,2227,18.5,7,4,4
EEGNet,subj8_rep0_fold0,0.7701,0.7531,27.772224,2227,37.8,8,0,0
EEGNet,subj8_rep0_fold1,0.8276,0.8235,27.772224,2227,37.7,8,0,1
EEGNet,subj8_rep0_fold2,0.8488,0.8477,27.772224,2227,32.6,8,0,2
EEGNet,subj8_rep0_fold3,0.8605,0.8548,27.772224,2227,46.3,8,0,3
EEGNet,subj8_rep0_fold4,0.8488,0.8417,27.772224,2227,45.2,8,0,4
EEGNet,subj8_rep1_fold0,0.8391,0.8341,27.772224,2227,44.1,8,1,0
EEGNet,subj8_rep1_fold1,0.8966,0.8942,27.772224,2227,45.7,8,1,1
EEGNet,subj8_rep1_fold2,0.7907,0.7842,27.772224,2227,47.0,8,1,2
EEGNet,subj8_rep1_fold3,0.7674,0.7598,27.772224,2227,23.0,8,1,3
EEGNet,subj8_rep1_fold4,0.907,0.907,27.772224,2227,54.7,8,1,4
EEGNet,subj8_rep2_fold0,0.7816,0.7778,27.772224,2227,44.4,8,2,0
EEGNet,subj8_rep2_fold1,0.7471,0.7254,27.772224,2227,59.3,8,2,1
EEGNet,subj8_rep2_fold2,0.8256,0.8226,27.772224,2227,46.2,8,2,2
EEGNet,subj8_rep2_fold3,0.7907,0.7819,27.772224,2227,42.5,8,2,3
EEGNet,subj8_rep2_fold4,0.7907,0.7827,27.772224,2227,50.1,8,2,4
EEGNet,subj8_rep3_fold0,0.8391,0.8314,27.772224,2227,47.7,8,3,0
EEGNet,subj8_rep3_fold1,0.7356,0.7243,27.772224,2227,29.5,8,3,1
EEGNet,subj8_rep3_fold2,0.8372,0.8177,27.772224,2227,45.5,8,3,2
EEGNet,subj8_rep3_fold3,0.8605,0.8636,27.772224,2227,53.6,8,3,3
EEGNet,subj8_rep3_fold4,0.9419,0.9413,27.772224,2227,64.1,8,3,4
EEGNet,subj8_rep4_fold0,0.7816,0.7654,27.772224,2227,37.0,8,4,0
EEGNet,subj8_rep4_fold1,0.7931,0.7858,27.772224,2227,45.7,8,4,1
EEGNet,subj8_rep4_fold2,0.8953,0.8941,27.772224,2227,50.6,8,4,2
EEGNet,subj8_rep4_fold3,0.8721,0.8721,27.772224,2227,38.8,8,4,3
EEGNet,subj8_rep4_fold4,0.8488,0.8433,27.772224,2227,53.2,8,4,4
EEGNet,subj9_rep0_fold0,0.9195,0.9187,27.772224,2227,43.0,9,0,0
EEGNet,subj9_rep0_fold1,0.7241,0.7187,27.772224,2227,37.4,9,0,1
EEGNet,subj9_rep0_fold2,0.8953,0.8948,27.772224,2227,48.3,9,0,2
EEGNet,subj9_rep0_fold3,0.8023,0.7977,27.772224,2227,40.0,9,0,3
EEGNet,subj9_rep0_fold4,0.7674,0.753,27.772224,2227,35.6,9,0,4
EEGNet,subj9_rep1_fold0,0.8391,0.839,27.772224,2227,45.8,9,1,0
EEGNet,subj9_rep1_fold1,0.8506,0.8473,27.772224,2227,41.1,9,1,1
EEGNet,subj9_rep1_fold2,0.7791,0.7712,27.772224,2227,40.8,9,1,2
EEGNet,subj9_rep1_fold3,0.8488,0.8448,27.772224,2227,51.2,9,1,3
EEGNet,subj9_rep1_fold4,0.6395,0.628,27.772224,2227,30.7,9,1,4
EEGNet,subj9_rep2_fold0,0.8966,0.8942,27.772224,2227,39.6,9,2,0
EEGNet,subj9_rep2_fold1,0.7701,0.7676,27.772224,2227,26.0,9,2,1
EEGNet,subj9_rep2_fold2,0.7907,0.7838,27.772224,2227,39.6,9,2,2
EEGNet,subj9_rep2_fold3,0.7209,0.7162,27.772224,2227,28.5,9,2,3
EEGNet,subj9_rep2_fold4,0.9186,0.9188,27.772224,2227,48.3,9,2,4
EEGNet,subj9_rep3_fold0,0.7356,0.7242,27.772224,2227,29.6,9,3,0
EEGNet,subj9_rep3_fold1,0.8391,0.8371,27.772224,2227,40.7,9,3,1
EEGNet,subj9_rep3_fold2,0.7442,0.7315,27.772224,2227,30.8,9,3,2
EEGNet,subj9_rep3_fold3,0.7442,0.737,27.772224,2227,30.7,9,3,3
EEGNet,subj9_rep3_fold4,0.9419,0.9413,27.772224,2227,51.1,9,3,4
EEGNet,subj9_rep4_fold0,0.908,0.9082,27.772224,2227,46.3,9,4,0
EEGNet,subj9_rep4_fold1,0.7586,0.7553,27.772224,2227,56.2,9,4,1
EEGNet,subj9_rep4_fold2,0.9419,0.9416,27.772224,2227,53.7,9,4,2
EEGNet,subj9_rep4_fold3,0.8023,0.7983,27.772224,2227,40.6,9,4,3
EEGNet,subj9_rep4_fold4,0.7791,0.7697,27.772224,2227,31.1,9,4,4
ShallowConvNet,subj1_rep0_fold0,0.908,0.9068,128.681136,39643,44.6,1,0,0
ShallowConvNet,subj1_rep0_fold1,0.8736,0.8721,128.681136,39643,35.9,1,0,1
ShallowConvNet,subj1_rep0_fold2,0.8953,0.8951,128.681136,39643,66.8,1,0,2
ShallowConvNet,subj1_rep0_fold3,0.9302,0.9302,128.681136,39643,55.9,1,0,3
ShallowConvNet,subj1_rep0_fold4,0.8953,0.8965,128.681136,39643,83.1,1,0,4
ShallowConvNet,subj1_rep1_fold0,0.8966,0.8971,128.681136,39643,88.5,1,1,0
ShallowConvNet,subj1_rep1_fold1,0.8621,0.8634,128.681136,39643,51.6,1,1,1
ShallowConvNet,subj1_rep1_fold2,0.9186,0.9163,128.681136,39643,62.8,1,1,2
ShallowConvNet,subj1_rep1_fold3,0.8837,0.8838,128.681136,39643,66.2,1,1,3
ShallowConvNet,subj1_rep1_fold4,0.9302,0.9307,128.681136,39643,69.8,1,1,4
ShallowConvNet,subj1_rep2_fold0,0.908,0.9079,128.681136,39643,48.9,1,2,0
ShallowConvNet,subj1_rep2_fold1,0.8736,0.8751,128.681136,39643,45.9,1,2,1
ShallowConvNet,subj1_rep2_fold2,0.907,0.9062,128.681136,39643,67.6,1,2,2
ShallowConvNet,subj1_rep2_fold3,0.907,0.907,128.681136,39643,48.6,1,2,3
ShallowConvNet,subj1_rep2_fold4,0.9302,0.9306,128.681136,39643,70.9,1,2,4
ShallowConvNet,subj1_rep3_fold0,0.908,0.9078,128.681136,39643,84.3,1,3,0
ShallowConvNet,subj1_rep3_fold1,0.8736,0.8733,128.681136,39643,60.9,1,3,1
ShallowConvNet,subj1_rep3_fold2,0.9302,0.9302,128.681136,39643,53.0,1,3,2
ShallowConvNet,subj1_rep3_fold3,0.8837,0.8823,128.681136,39643,63.9,1,3,3
ShallowConvNet,subj1_rep3_fold4,0.907,0.9074,128.681136,39643,43.1,1,3,4
ShallowConvNet,subj1_rep4_fold0,0.8506,0.8507,128.681136,39643,62.2,1,4,0
ShallowConvNet,subj1_rep4_fold1,0.8736,0.8757,128.681136,39643,46.1,1,4,1
ShallowConvNet,subj1_rep4_fold2,0.907,0.9054,128.681136,39643,58.0,1,4,2
ShallowConvNet,subj1_rep4_fold3,0.907,0.9062,128.681136,39643,48.2,1,4,3
ShallowConvNet,subj1_rep4_fold4,0.8953,0.8952,128.681136,39643,49.1,1,4,4
ShallowConvNet,subj2_rep0_fold0,0.6552,0.6495,128.681136,39643,83.6,2,0,0
ShallowConvNet,subj2_rep0_fold1,0.6782,0.6753,128.681136,39643,85.3,2,0,1
ShallowConvNet,subj2_rep0_fold2,0.6512,0.6507,128.681136,39643,101.6,2,0,2
ShallowConvNet,subj2_rep0_fold3,0.4767,0.4617,128.681136,39643,31.5,2,0,3
ShallowConvNet,subj2_rep0_fold4,0.4535,0.4477,128.681136,39643,27.5,2,0,4
ShallowConvNet,subj2_rep1_fold0,0.6322,0.6154,128.681136,39643,62.7,2,1,0
ShallowConvNet,subj2_rep1_fold1,0.6207,0.6263,128.681136,39643,77.7,2,1,1
ShallowConvNet,subj2_rep1_fold2,0.6977,0.695,128.681136,39643,134.2,2,1,2
ShallowConvNet,subj2_rep1_fold3,0.6512,0.6471,128.681136,39643,97.2,2,1,3
ShallowConvNet,subj2_rep1_fold4,0.686,0.685,128.681136,39643,64.2,2,1,4
ShallowConvNet,subj2_rep2_fold0,0.4138,0.4147,128.681136,39643,35.7,2,2,0
ShallowConvNet,subj2_rep2_fold1,0.6667,0.6628,128.681136,39643,75.6,2,2,1
ShallowConvNet,subj2_rep2_fold2,0.6512,0.6337,128.681136,39643,80.8,2,2,2
ShallowConvNet,subj2_rep2_fold3,0.6395,0.6187,128.681136,39643,69.4,2,2,3
ShallowConvNet,subj2_rep2_fold4,0.6512,0.649,128.681136,39643,71.8,2,2,4
ShallowConvNet,subj2_rep3_fold0,0.4253,0.4123,128.681136,39643,37.7,2,3,0
ShallowConvNet,subj2_rep3_fold1,0.5977,0.5984,128.681136,39643,54.6,2,3,1
ShallowConvNet,subj2_rep3_fold2,0.6163,0.5979,128.681136,39643,89.4,2,3,2
ShallowConvNet,subj2_rep3_fold3,0.5349,0.5334,128.681136,39643,72.7,2,3,3
ShallowConvNet,subj2_rep3_fold4,0.6395,0.6299,128.681136,39643,109.4,2,3,4
ShallowConvNet,subj2_rep4_fold0,0.4368,0.4286,128.681136,39643,46.1,2,4,0
ShallowConvNet,subj2_rep4_fold1,0.4483,0.4302,128.681136,39643,26.1,2,4,1
ShallowConvNet,subj2_rep4_fold2,0.6395,0.6151,128.681136,39643,44.9,2,4,2
ShallowConvNet,subj2_rep4_fold3,0.6744,0.6748,128.681136,39643,82.1,2,4,3
ShallowConvNet,subj2_rep4_fold4,0.6628,0.6551,128.681136,39643,67.1,2,4,4
ShallowConvNet,subj3_rep0_fold0,0.8851,0.8827,128.681136,39643,46.6,3,0,0
ShallowConvNet,subj3_rep0_fold1,0.9195,0.9163,128.681136,39643,51.6,3,0,1
ShallowConvNet,subj3_rep0_fold2,0.9419,0.9413,128.681136,39643,62.8,3,0,2
ShallowConvNet,subj3_rep0_fold3,0.9419,0.9425,128.681136,39643,48.7,3,0,3
ShallowConvNet,subj3_rep0_fold4,0.9535,0.9534,128.681136,39643,70.8,3,0,4
ShallowConvNet,subj3_rep1_fold0,0.9195,0.9191,128.681136,39643,74.4,3,1,0
ShallowConvNet,subj3_rep1_fold1,0.9425,0.9424,128.681136,39643,41.2,3,1,1
ShallowConvNet,subj3_rep1_fold2,0.9302,0.931,128.681136,39643,73.4,3,1,2
ShallowConvNet,subj3_rep1_fold3,0.9535,0.9539,128.681136,39643,38.6,3,1,3
ShallowConvNet,subj3_rep1_fold4,0.9419,0.9414,128.681136,39643,45.0,3,1,4
ShallowConvNet,subj3_rep2_fold0,0.954,0.9542,128.681136,39643,44.3,3,2,0
ShallowConvNet,subj3_rep2_fold1,0.9885,0.9885,128.681136,39643,55.9,3,2,1
ShallowConvNet,subj3_rep2_fold2,0.9186,0.9158,128.681136,39643,51.1,3,2,2
ShallowConvNet,subj3_rep2_fold3,0.9419,0.9421,128.681136,39643,49.7,3,2,3
ShallowConvNet,subj3_rep2_fold4,0.8721,0.8706,128.681136,39643,34.1,3,2,4
ShallowConvNet,subj3_rep3_fold0,0.977,0.9768,128.681136,39643,70.4,3,3,0
ShallowConvNet,subj3_rep3_fold1,0.8966,0.8955,128.681136,39643,65.7,3,3,1
ShallowConvNet,subj3_rep3_fold2,0.9302,0.9289,128.681136,39643,63.3,3,3,2
ShallowConvNet,subj3_rep3_fold3,0.9186,0.9181,128.681136,39643,48.2,3,3,3
ShallowConvNet,subj3_rep3_fold4,0.8721,0.8718,128.681136,39643,76.9,3,3,4
ShallowConvNet,subj3_rep4_fold0,0.9655,0.9651,128.681136,39643,69.0,3,4,0
ShallowConvNet,subj3_rep4_fold1,0.9655,0.9655,128.681136,39643,96.6,3,4,1
ShallowConvNet,subj3_rep4_fold2,0.9419,0.9421,128.681136,39643,46.5,3,4,2
ShallowConvNet,subj3_rep4_fold3,0.9302,0.9302,128.681136,39643,79.6,3,4,3
ShallowConvNet,subj3_rep4_fold4,0.9186,0.9198,128.681136,39643,43.6,3,4,4
ShallowConvNet,subj4_rep0_fold0,0.7126,0.7009,128.681136,39643,73.7,4,0,0
ShallowConvNet,subj4_rep0_fold1,0.6437,0.6397,128.681136,39643,31.1,4,0,1
ShallowConvNet,subj4_rep0_fold2,0.7326,0.7219,128.681136,39643,49.5,4,0,2
ShallowConvNet,subj4_rep0_fold3,0.7442,0.7444,128.681136,39643,67.6,4,0,3
ShallowConvNet,subj4_rep0_fold4,0.7326,0.7338,128.681136,39643,58.6,4,0,4
ShallowConvNet,subj4_rep1_fold0,0.7356,0.7348,128.681136,39643,63.0,4,1,0
ShallowConvNet,subj4_rep1_fold1,0.7816,0.7799,128.681136,39643,50.4,4,1,1
ShallowConvNet,subj4_rep1_fold2,0.6977,0.6986,128.681136,39643,61.4,4,1,2
ShallowConvNet,subj4_rep1_fold3,0.6977,0.699,128.681136,39643,44.8,4,1,3
ShallowConvNet,subj4_rep1_fold4,0.6977,0.6988,128.681136,39643,63.5,4,1,4
ShallowConvNet,subj4_rep2_fold0,0.7701,0.7658,128.681136,39643,69.0,4,2,0
ShallowConvNet,subj4_rep2_fold1,0.6667,0.6687,128.681136,39643,44.8,4,2,1
ShallowConvNet,subj4_rep2_fold2,0.7791,0.7811,128.681136,39643,80.9,4,2,2
ShallowConvNet,subj4_rep2_fold3,0.6977,0.7001,128.681136,39643,55.4,4,2,3
ShallowConvNet,subj4_rep2_fold4,0.686,0.6884,128.681136,39643,41.7,4,2,4
ShallowConvNet,subj4_rep3_fold0,0.7701,0.7709,128.681136,39643,79.6,4,3,0
ShallowConvNet,subj4_rep3_fold1,0.7241,0.7241,128.681136,39643,85.0,4,3,1
ShallowConvNet,subj4_rep3_fold2,0.814,0.8133,128.681136,39643,94.7,4,3,2
ShallowConvNet,subj4_rep3_fold3,0.7558,0.7535,128.681136,39643,82.0,4,3,3
ShallowConvNet,subj4_rep3_fold4,0.7907,0.7879,128.681136,39643,96.1,4,3,4
ShallowConvNet,subj4_rep4_fold0,0.7816,0.7785,128.681136,39643,72.5,4,4,0
ShallowConvNet,subj4_rep4_fold1,0.7241,0.7198,128.681136,39643,62.0,4,4,1
ShallowConvNet,subj4_rep4_fold2,0.7209,0.7195,128.681136,39643,74.0,4,4,2
ShallowConvNet,subj4_rep4_fold3,0.7674,0.7682,128.681136,39643,54.5,4,4,3
ShallowConvNet,subj4_rep4_fold4,0.6744,0.6671,128.681136,39643,36.2,4,4,4
ShallowConvNet,subj5_rep0_fold0,0.5287,0.5266,128.681136,39643,62.0,5,0,0
ShallowConvNet,subj5_rep0_fold1,0.3908,0.3905,128.681136,39643,41.7,5,0,1
ShallowConvNet,subj5_rep0_fold2,0.5698,0.5681,128.681136,39643,34.8,5,0,2
ShallowConvNet,subj5_rep0_fold3,0.6047,0.6032,128.681136,39643,70.9,5,0,3
ShallowConvNet,subj5_rep0_fold4,0.5581,0.5556,128.681136,39643,89.4,5,0,4
ShallowConvNet,subj5_rep1_fold0,0.4483,0.4411,128.681136,39643,30.9,5,1,0
ShallowConvNet,subj5_rep1_fold1,0.5517,0.5501,128.681136,39643,50.9,5,1,1
ShallowConvNet,subj5_rep1_fold2,0.593,0.591,128.681136,39643,64.2,5,1,2
ShallowConvNet,subj5_rep1_fold3,0.4767,0.4685,128.681136,39643,45.5,5,1,3
ShallowConvNet,subj5_rep1_fold4,0.5814,0.5779,128.681136,39643,65.8,5,1,4
ShallowConvNet,subj5_rep2_fold0,0.6667,0.6658,128.681136,39643,106.0,5,2,0
ShallowConvNet,subj5_rep2_fold1,0.5287,0.5281,128.681136,39643,59.2,5,2,1
ShallowConvNet,subj5_rep2_fold2,0.4302,0.4112,128.681136,39643,29.2,5,2,2
ShallowConvNet,subj5_rep2_fold3,0.5,0.4955,128.681136,39643,73.4,5,2,3
ShallowConvNet,subj5_rep2_fold4,0.4419,0.4311,128.681136,39643,45.0,5,2,4
ShallowConvNet,subj5_rep3_fold0,0.4483,0.4483,128.681136,39643,34.3,5,3,0
ShallowConvNet,subj5_rep3_fold1,0.5057,0.4726,128.681136,39643,43.4,5,3,1
ShallowConvNet,subj5_rep3_fold2,0.5,0.5015,128.681136,39643,38.1,5,3,2
ShallowConvNet,subj5_rep3_fold3,0.4302,0.4155,128.681136,39643,35.6,5,3,3
ShallowConvNet,subj5_rep3_fold4,0.5349,0.5357,128.681136,39643,70.8,5,3,4
ShallowConvNet,subj5_rep4_fold0,0.5287,0.5223,128.681136,39643,57.4,5,4,0
ShallowConvNet,subj5_rep4_fold1,0.5287,0.5272,128.681136,39643,76.6,5,4,1
ShallowConvNet,subj5_rep4_fold2,0.5233,0.5168,128.681136,39643,44.4,5,4,2
ShallowConvNet,subj5_rep4_fold3,0.5465,0.5446,128.681136,39643,59.3,5,4,3
ShallowConvNet,subj5_rep4_fold4,0.4302,0.4272,128.681136,39643,35.7,5,4,4
ShallowConvNet,subj6_rep0_fold0,0.6207,0.6222,128.681136,39643,36.1,6,0,0
ShallowConvNet,subj6_rep0_fold1,0.6782,0.6744,128.681136,39643,86.1,6,0,1
ShallowConvNet,subj6_rep0_fold2,0.5581,0.5587,128.681136,39643,74.4,6,0,2
ShallowConvNet,subj6_rep0_fold3,0.686,0.6818,128.681136,39643,61.9,6,0,3
ShallowConvNet,subj6_rep0_fold4,0.6163,0.6162,128.681136,39643,60.8,6,0,4
ShallowConvNet,subj6_rep1_fold0,0.6322,0.6325,128.681136,39643,47.6,6,1,0
ShallowConvNet,subj6_rep1_fold1,0.5632,0.5597,128.681136,39643,38.6,6,1,1
ShallowConvNet,subj6_rep1_fold2,0.6395,0.6298,128.681136,39643,54.8,6,1,2
ShallowConvNet,subj6_rep1_fold3,0.6163,0.6195,128.681136,39643,52.2,6,1,3
ShallowConvNet,subj6_rep1_fold4,0.6744,0.6701,128.681136,39643,76.8,6,1,4
ShallowConvNet,subj6_rep2_fold0,0.6322,0.6254,128.681136,39643,74.6,6,2,0
ShallowConvNet,subj6_rep2_fold1,0.6207,0.6236,128.681136,39643,68.2,6,2,1
ShallowConvNet,subj6_rep2_fold2,0.6395,0.6402,128.681136,39643,57.8,6,2,2
ShallowConvNet,subj6_rep2_fold3,0.6512,0.6432,128.681136,39643,68.4,6,2,3
ShallowConvNet,subj6_rep2_fold4,0.6744,0.6697,128.681136,39643,91.5,6,2,4
ShallowConvNet,subj6_rep3_fold0,0.5747,0.573,128.681136,39643,43.4,6,3,0
ShallowConvNet,subj6_rep3_fold1,0.7241,0.7169,128.681136,39643,63.5,6,3,1
ShallowConvNet,subj6_rep3_fold2,0.6395,0.6309,128.681136,39643,51.9,6,3,2
ShallowConvNet,subj6_rep3_fold3,0.7326,0.7302,128.681136,39643,49.2,6,3,3
ShallowConvNet,subj6_rep3_fold4,0.6163,0.6163,128.681136,39643,50.9,6,3,4
ShallowConvNet,subj6_rep4_fold0,0.6437,0.6371,128.681136,39643,39.1,6,4,0
ShallowConvNet,subj6_rep4_fold1,0.6322,0.6297,128.681136,39643,80.0,6,4,1
ShallowConvNet,subj6_rep4_fold2,0.6628,0.6573,128.681136,39643,75.6,6,4,2
ShallowConvNet,subj6_rep4_fold3,0.6395,0.6312,128.681136,39643,62.8,6,4,3
ShallowConvNet,subj6_rep4_fold4,0.6744,0.6744,128.681136,39643,49.9,6,4,4
ShallowConvNet,subj7_rep0_fold0,0.954,0.9538,128.681136,39643,110.6,7,0,0
ShallowConvNet,subj7_rep0_fold1,0.931,0.9314,128.681136,39643,67.0,7,0,1
ShallowConvNet,subj7_rep0_fold2,0.9186,0.92,128.681136,39643,104.7,7,0,2
ShallowConvNet,subj7_rep0_fold3,0.9302,0.9294,128.681136,39643,121.1,7,0,3
ShallowConvNet,subj7_rep0_fold4,0.907,0.9055,128.681136,39643,83.8,7,0,4
ShallowConvNet,subj7_rep1_fold0,0.8966,0.8974,128.681136,39643,64.2,7,1,0
ShallowConvNet,subj7_rep1_fold1,0.9195,0.9191,128.681136,39643,52.9,7,1,1
ShallowConvNet,subj7_rep1_fold2,0.8837,0.8838,128.681136,39643,73.5,7,1,2
ShallowConvNet,subj7_rep1_fold3,0.9186,0.9177,128.681136,39643,111.5,7,1,3
ShallowConvNet,subj7_rep1_fold4,0.907,0.9053,128.681136,39643,78.2,7,1,4
ShallowConvNet,subj7_rep2_fold0,0.8966,0.895,128.681136,39643,70.3,7,2,0
ShallowConvNet,subj7_rep2_fold1,0.9195,0.9189,128.681136,39643,74.8,7,2,1
ShallowConvNet,subj7_rep2_fold2,0.8023,0.8039,128.681136,39643,50.3,7,2,2
ShallowConvNet,subj7_rep2_fold3,0.907,0.9053,128.681136,39643,90.5,7,2,3
ShallowConvNet,subj7_rep2_fold4,0.9419,0.9411,128.681136,39643,96.0,7,2,4
ShallowConvNet,subj7_rep3_fold0,0.8851,0.8838,128.681136,39643,99.5,7,3,0
ShallowConvNet,subj7_rep3_fold1,0.8851,0.8863,128.681136,39643,78.4,7,3,1
ShallowConvNet,subj7_rep3_fold2,0.907,0.9074,128.681136,39643,70.1,7,3,2
ShallowConvNet,subj7_rep3_fold3,0.8605,0.8614,128.681136,39643,84.8,7,3,3
ShallowConvNet,subj7_rep3_fold4,0.8953,0.8953,128.681136,39643,149.7,7,3,4
ShallowConvNet,subj7_rep4_fold0,0.8966,0.8971,128.681136,39643,95.6,7,4,0
ShallowConvNet,subj7_rep4_fold1,0.9425,0.9425,128.681136,39643,95.0,7,4,1
ShallowConvNet,subj7_rep4_fold2,0.9186,0.92,128.681136,39643,59.0,7,4,2
ShallowConvNet,subj7_rep4_fold3,0.8837,0.8818,128.681136,39643,69.9,7,4,3
ShallowConvNet,subj7_rep4_fold4,0.8721,0.8698,128.681136,39643,70.3,7,4,4
ShallowConvNet,subj8_rep0_fold0,0.9195,0.9191,128.681136,39643,50.3,8,0,0
ShallowConvNet,subj8_rep0_fold1,0.9195,0.9199,128.681136,39643,39.1,8,0,1
ShallowConvNet,subj8_rep0_fold2,0.8372,0.8382,128.681136,39643,61.9,8,0,2
ShallowConvNet,subj8_rep0_fold3,0.9186,0.9183,128.681136,39643,68.4,8,0,3
ShallowConvNet,subj8_rep0_fold4,0.8837,0.8834,128.681136,39643,63.2,8,0,4
ShallowConvNet,subj8_rep1_fold0,0.8506,0.8513,128.681136,39643,57.6,8,1,0
ShallowConvNet,subj8_rep1_fold1,0.9425,0.9418,128.681136,39643,68.4,8,1,1
ShallowConvNet,subj8_rep1_fold2,0.8256,0.8246,128.681136,39643,58.0,8,1,2
ShallowConvNet,subj8_rep1_fold3,0.8837,0.8836,128.681136,39643,63.9,8,1,3
ShallowConvNet,subj8_rep1_fold4,0.9186,0.9185,128.681136,39643,53.2,8,1,4
ShallowConvNet,subj8_rep2_fold0,0.8851,0.8851,128.681136,39643,82.6,8,2,0
ShallowConvNet,subj8_rep2_fold1,0.908,0.9072,128.681136,39643,85.4,8,2,1
ShallowConvNet,subj8_rep2_fold2,0.9186,0.9191,128.681136,39643,59.6,8,2,2
ShallowConvNet,subj8_rep2_fold3,0.907,0.9085,128.681136,39643,46.5,8,2,3
ShallowConvNet,subj8_rep2_fold4,0.8953,0.8943,128.681136,39643,58.8,8,2,4
ShallowConvNet,subj8_rep3_fold0,0.9195,0.9184,128.681136,39643,47.6,8,3,0
ShallowConvNet,subj8_rep3_fold1,0.8736,0.8739,128.681136,39643,73.9,8,3,1
ShallowConvNet,subj8_rep3_fold2,0.9186,0.9166,128.681136,39643,82.3,8,3,2
ShallowConvNet,subj8_rep3_fold3,0.8837,0.8843,128.681136,39643,65.3,8,3,3
ShallowConvNet,subj8_rep3_fold4,0.8953,0.8942,128.681136,39643,51.9,8,3,4
ShallowConvNet,subj8_rep4_fold0,0.9195,0.9199,128.681136,39643,41.5,8,4,0
ShallowConvNet,subj8_rep4_fold1,0.8966,0.8966,128.681136,39643,53.4,8,4,1
ShallowConvNet,subj8_rep4_fold2,0.907,0.9063,128.681136,39643,61.4,8,4,2
ShallowConvNet,subj8_rep4_fold3,0.8721,0.8729,128.681136,39643,54.6,8,4,3
ShallowConvNet,subj8_rep4_fold4,0.9302,0.9301,128.681136,39643,56.6,8,4,4
ShallowConvNet,subj9_rep0_fold0,0.8736,0.8718,128.681136,39643,45.4,9,0,0
ShallowConvNet,subj9_rep0_fold1,0.8391,0.8396,128.681136,39643,41.2,9,0,1
ShallowConvNet,subj9_rep0_fold2,0.9302,0.93,128.681136,39643,70.0,9,0,2
ShallowConvNet,subj9_rep0_fold3,0.814,0.8132,128.681136,39643,41.1,9,0,3
ShallowConvNet,subj9_rep0_fold4,0.8488,0.8456,128.681136,39643,71.2,9,0,4
ShallowConvNet,subj9_rep1_fold0,0.8966,0.8959,128.681136,39643,68.3,9,1,0
ShallowConvNet,subj9_rep1_fold1,0.9655,0.9655,128.681136,39643,96.9,9,1,1
ShallowConvNet,subj9_rep1_fold2,0.8953,0.8935,128.681136,39643,99.6,9,1,2
ShallowConvNet,subj9_rep1_fold3,0.8721,0.8692,128.681136,39643,53.3,9,1,3
ShallowConvNet,subj9_rep1_fold4,0.7791,0.7752,128.681136,39643,61.8,9,1,4
ShallowConvNet,subj9_rep2_fold0,0.931,0.9312,128.681136,39643,79.4,9,2,0
ShallowConvNet,subj9_rep2_fold1,0.8391,0.8404,128.681136,39643,73.3,9,2,1
ShallowConvNet,subj9_rep2_fold2,0.8605,0.8585,128.681136,39643,78.3,9,2,2
ShallowConvNet,subj9_rep2_fold3,0.8488,0.8489,128.681136,39643,88.9,9,2,3
ShallowConvNet,subj9_rep2_fold4,0.8488,0.8416,128.681136,39643,86.3,9,2,4
ShallowConvNet,subj9_rep3_fold0,0.8621,0.8593,128.681136,39643,48.7,9,3,0
ShallowConvNet,subj9_rep3_fold1,0.8621,0.8613,128.681136,39643,51.3,9,3,1
ShallowConvNet,subj9_rep3_fold2,0.8372,0.8367,128.681136,39643,55.5,9,3,2
ShallowConvNet,subj9_rep3_fold3,0.8488,0.8494,128.681136,39643,36.5,9,3,3
ShallowConvNet,subj9_rep3_fold4,0.8953,0.8955,128.681136,39643,59.6,9,3,4
ShallowConvNet,subj9_rep4_fold0,0.8736,0.8718,128.681136,39643,61.2,9,4,0
ShallowConvNet,subj9_rep4_fold1,0.7816,0.7772,128.681136,39643,58.7,9,4,1
ShallowConvNet,subj9_rep4_fold2,0.9419,0.9416,128.681136,39643,38.9,9,4,2
ShallowConvNet,subj9_rep4_fold3,0.8256,0.8259,128.681136,39643,51.0,9,4,3
ShallowConvNet,subj9_rep4_fold4,0.8721,0.8696,128.681136,39643,49.6,9,4,4
HybridSNN,subj1_rep0_fold0,0.931,0.9314,27.866715,50995,56.8,1,0,0
HybridSNN,subj1_rep0_fold1,0.8736,0.875,27.840154,50995,52.5,1,0,1
HybridSNN,subj1_rep0_fold2,0.8488,0.8477,27.785674,50995,68.2,1,0,2
HybridSNN,subj1_rep0_fold3,0.907,0.9075,27.828107,50995,89.7,1,0,3
HybridSNN,subj1_rep0_fold4,0.6628,0.6482,27.68726,50995,22.4,1,0,4
HybridSNN,subj1_rep1_fold0,0.8391,0.841,27.714153,50995,45.5,1,1,0
HybridSNN,subj1_rep1_fold1,0.8851,0.8853,27.775954,50995,54.9,1,1,1
HybridSNN,subj1_rep1_fold2,0.6279,0.5094,27.780758,50995,44.5,1,1,2
HybridSNN,subj1_rep1_fold3,0.686,0.6728,27.849879,50995,21.1,1,1,3
HybridSNN,subj1_rep1_fold4,0.6512,0.6037,27.841454,50995,25.4,1,1,4
HybridSNN,subj1_rep2_fold0,0.6092,0.5758,27.698526,50995,26.6,1,2,0
HybridSNN,subj1_rep2_fold1,0.6207,0.5292,27.873738,50995,31.7,1,2,1
HybridSNN,subj1_rep2_fold2,0.6628,0.602,27.837317,50995,36.1,1,2,2
HybridSNN,subj1_rep2_fold3,0.686,0.6345,27.779724,50995,22.6,1,2,3
HybridSNN,subj1_rep2_fold4,0.9186,0.9196,27.722889,50995,75.7,1,2,4
HybridSNN,subj1_rep3_fold0,0.8276,0.8247,27.835024,50995,88.8,1,3,0
HybridSNN,subj1_rep3_fold1,0.8391,0.8383,27.838549,50995,59.2,1,3,1
HybridSNN,subj1_rep3_fold2,0.6628,0.6187,27.704735,50995,35.6,1,3,2
HybridSNN,subj1_rep3_fold3,0.6744,0.651,27.802223,50995,31.4,1,3,3
HybridSNN,subj1_rep3_fold4,0.6163,0.5746,27.723518,50995,27.9,1,3,4
HybridSNN,subj1_rep4_fold0,0.7011,0.6911,27.818112,50995,26.6,1,4,0
HybridSNN,subj1_rep4_fold1,0.6552,0.6313,27.827361,50995,28.0,1,4,1
HybridSNN,subj1_rep4_fold2,0.6163,0.5604,27.767622,50995,22.5,1,4,2
HybridSNN,subj1_rep4_fold3,0.6977,0.6593,27.675787,50995,27.1,1,4,3
HybridSNN,subj1_rep4_fold4,0.6628,0.538,27.873515,50995,29.6,1,4,4
HybridSNN,subj2_rep0_fold0,0.3333,0.1667,27.735002,50995,7.6,2,0,0
HybridSNN,subj2_rep0_fold1,0.3333,0.1667,27.747904,50995,7.3,2,0,1
HybridSNN,subj2_rep0_fold2,0.3372,0.1681,27.77463,50995,7.2,2,0,2
HybridSNN,subj2_rep0_fold3,0.3372,0.1681,27.688,50995,7.2,2,0,3
HybridSNN,subj2_rep0_fold4,0.3256,0.1637,27.73961,50995,7.2,2,0,4
HybridSNN,subj2_rep1_fold0,0.3333,0.1667,27.736845,50995,7.6,2,1,0
HybridSNN,subj2_rep1_fold1,0.3333,0.1667,27.738688,50995,7.2,2,1,1
HybridSNN,subj2_rep1_fold2,0.3372,0.1681,27.755277,50995,6.7,2,1,2
HybridSNN,subj2_rep1_fold3,0.3372,0.1681,27.744218,50995,7.0,2,1,3
HybridSNN,subj2_rep1_fold4,0.3256,0.1637,27.726707,50995,7.5,2,1,4
HybridSNN,subj2_rep2_fold0,0.3333,0.1667,27.738688,50995,6.9,2,2,0
HybridSNN,subj2_rep2_fold1,0.3333,0.1667,27.752512,50995,6.4,2,2,1
HybridSNN,subj2_rep2_fold2,0.3372,0.1681,27.699981,50995,6.9,2,2,2
HybridSNN,subj2_rep2_fold3,0.3372,0.1681,27.742374,50995,7.0,2,2,3
HybridSNN,subj2_rep2_fold4,0.3256,0.1637,27.736845,50995,6.7,2,2,4
HybridSNN,subj2_rep3_fold0,0.3333,0.1667,27.715648,50995,6.9,2,3,0
HybridSNN,subj2_rep3_fold1,0.3333,0.1667,27.725786,50995,6.9,2,3,1
HybridSNN,subj2_rep3_fold2,0.3372,0.1681,27.738688,50995,7.4,2,3,2
HybridSNN,subj2_rep3_fold3,0.3372,0.1681,27.727629,50995,7.3,2,3,3
HybridSNN,subj2_rep3_fold4,0.3256,0.1637,27.73408,50995,7.1,2,3,4
HybridSNN,subj2_rep4_fold0,0.3333,0.1667,27.73961,50995,8.0,2,4,0
HybridSNN,subj2_rep4_fold1,0.3333,0.1667,27.776474,50995,6.5,2,4,1
HybridSNN,subj2_rep4_fold2,0.3372,0.1681,27.761728,50995,7.3,2,4,2
HybridSNN,subj2_rep4_fold3,0.3372,0.1681,27.720256,50995,6.7,2,4,3
HybridSNN,subj2_rep4_fold4,0.3256,0.1637,27.767258,50995,6.6,2,4,4
HybridSNN,subj3_rep0_fold0,0.931,0.9315,27.711232,50995,29.3,3,0,0
HybridSNN,subj3_rep0_fold1,0.8621,0.859,27.763586,50995,30.2,3,0,1
HybridSNN,subj3_rep0_fold2,0.8372,0.8355,27.830832,50995,26.3,3,0,2
HybridSNN,subj3_rep0_fold3,0.8953,0.8955,27.756873,50995,21.8,3,0,3
HybridSNN,subj3_rep0_fold4,0.8837,0.8827,27.727706,50995,21.7,3,0,4
HybridSNN,subj3_rep1_fold0,0.8161,0.8155,27.774669,50995,17.3,3,1,0
HybridSNN,subj3_rep1_fold1,0.9195,0.9194,27.776825,50995,22.2,3,1,1
HybridSNN,subj3_rep1_fold2,0.7907,0.7832,27.692351,50995,19.9,3,1,2
HybridSNN,subj3_rep1_fold3,0.907,0.9075,27.771959,50995,20.4,3,1,3
HybridSNN,subj3_rep1_fold4,0.8488,0.8454,27.740951,50995,14.8,3,1,4
HybridSNN,subj3_rep2_fold0,0.8621,0.8606,27.723356,50995,22.4,3,2,0
HybridSNN,subj3_rep2_fold1,0.8621,0.8605,27.73371,50995,23.6,3,2,1
HybridSNN,subj3_rep2_fold2,0.8605,0.861,27.768652,50995,21.5,3,2,2
HybridSNN,subj3_rep2_fold3,0.8837,0.8827,27.812514,50995,25.9,3,2,3
HybridSNN,subj3_rep2_fold4,0.8721,0.8692,27.722605,50995,26.0,3,2,4
HybridSNN,subj3_rep3_fold0,0.8621,0.8614,27.775649,50995,22.6,3,3,0
HybridSNN,subj3_rep3_fold1,0.8966,0.8989,27.808488,50995,33.6,3,3,1
HybridSNN,subj3_rep3_fold2,0.6744,0.637,27.761565,50995,12.7,3,3,2
HybridSNN,subj3_rep3_fold3,0.8721,0.8723,27.747328,50995,27.2,3,3,3
HybridSNN,subj3_rep3_fold4,0.6163,0.5136,27.733052,50995,18.8,3,3,4
HybridSNN,subj3_rep4_fold0,0.8621,0.8609,27.80099,50995,14.2,3,4,0
HybridSNN,subj3_rep4_fold1,0.8621,0.8626,27.823645,50995,23.2,3,4,1
HybridSNN,subj3_rep4_fold2,0.8721,0.8654,27.777662,50995,29.0,3,4,2
HybridSNN,subj3_rep4_fold3,0.8605,0.8588,27.722209,50995,16.0,3,4,3
HybridSNN,subj3_rep4_fold4,0.7907,0.7856,27.759051,50995,14.7,3,4,4
HybridSNN,subj4_rep0_fold0,0.5632,0.4577,27.74722,50995,13.2,4,0,0
HybridSNN,subj4_rep0_fold1,0.5517,0.5409,27.86165,50995,13.7,4,0,1
HybridSNN,subj4_rep0_fold2,0.5349,0.4638,27.773199,50995,19.4,4,0,2
HybridSNN,subj4_rep0_fold3,0.5233,0.4197,27.731417,50995,19.6,4,0,3
HybridSNN,subj4_rep0_fold4,0.5349,0.439,27.757561,50995,15.0,4,0,4
HybridSNN,subj4_rep1_fold0,0.5517,0.4522,27.758833,50995,16.3,4,1,0
HybridSNN,subj4_rep1_fold1,0.5402,0.4438,27.738587,50995,14.5,4,1,1
HybridSNN,subj4_rep1_fold2,0.5116,0.4179,27.756545,50995,11.7,4,1,2
HybridSNN,subj4_rep1_fold3,0.593,0.481,27.753929,50995,18.7,4,1,3
HybridSNN,subj4_rep1_fold4,0.5233,0.5295,27.758105,50995,16.8,4,1,4
HybridSNN,subj4_rep2_fold0,0.5517,0.4498,27.738112,50995,11.1,4,2,0
HybridSNN,subj4_rep2_fold1,0.4828,0.3894,27.725243,50995,15.0,4,2,1
HybridSNN,subj4_rep2_fold2,0.6047,0.5806,27.859526,50995,14.4,4,2,2
HybridSNN,subj4_rep2_fold3,0.6047,0.5167,27.769046,50995,15.1,4,2,3
HybridSNN,subj4_rep2_fold4,0.5233,0.4292,27.706432,50995,10.6,4,2,4
HybridSNN,subj4_rep3_fold0,0.5402,0.4374,27.748826,50995,8.9,4,3,0
HybridSNN,subj4_rep3_fold1,0.5172,0.4229,27.730394,50995,12.5,4,3,1
HybridSNN,subj4_rep3_fold2,0.593,0.4884,27.743139,50995,15.7,4,3,2
HybridSNN,subj4_rep3_fold3,0.5349,0.4457,27.822823,50995,15.1,4,3,3
HybridSNN,subj4_rep3_fold4,0.593,0.5358,27.705971,50995,17.9,4,3,4
HybridSNN,subj4_rep4_fold0,0.4943,0.3971,27.750093,50995,11.9,4,4,0
HybridSNN,subj4_rep4_fold1,0.5517,0.4698,27.790719,50995,15.5,4,4,1
HybridSNN,subj4_rep4_fold2,0.5581,0.4474,27.747904,50995,9.5,4,4,2
HybridSNN,subj4_rep4_fold3,0.5,0.4002,27.736038,50995,10.4,4,4,3
HybridSNN,subj4_rep4_fold4,0.5698,0.4638,27.69353,50995,10.9,4,4,4
HybridSNN,subj5_rep0_fold0,0.4253,0.3354,27.75159,50995,13.7,5,0,0
HybridSNN,subj5_rep0_fold1,0.3333,0.1667,27.738688,50995,7.3,5,0,1
HybridSNN,subj5_rep0_fold2,0.3372,0.1681,27.75712,50995,6.9,5,0,2
HybridSNN,subj5_rep0_fold3,0.3372,0.1681,27.725786,50995,7.2,5,0,3
HybridSNN,subj5_rep0_fold4,0.3256,0.1637,27.741453,50995,6.7,5,0,4
HybridSNN,subj5_rep1_fold0,0.3333,0.1667,27.73961,50995,6.5,5,1,0
HybridSNN,subj5_rep1_fold1,0.3333,0.1667,27.733158,50995,6.5,5,1,1
HybridSNN,subj5_rep1_fold2,0.3605,0.2809,27.784768,50995,12.2,5,1,2
HybridSNN,subj5_rep1_fold3,0.3372,0.1681,27.747904,50995,7.9,5,1,3
HybridSNN,subj5_rep1_fold4,0.3256,0.1637,27.727629,50995,6.5,5,1,4
HybridSNN,subj5_rep2_fold0,0.3333,0.1667,27.737766,50995,6.6,5,2,0
HybridSNN,subj5_rep2_fold1,0.3333,0.1667,27.755277,50995,6.9,5,2,1
HybridSNN,subj5_rep2_fold2,0.3372,0.1681,27.724864,50995,6.7,5,2,2
HybridSNN,subj5_rep2_fold3,0.3372,0.1681,27.749747,50995,6.9,5,2,3
HybridSNN,subj5_rep2_fold4,0.3256,0.1637,27.73961,50995,7.4,5,2,4
HybridSNN,subj5_rep3_fold0,0.3333,0.1667,27.731315,50995,7.4,5,3,0
HybridSNN,subj5_rep3_fold1,0.3333,0.1667,27.758963,50995,7.3,5,3,1
HybridSNN,subj5_rep3_fold2,0.3372,0.1681,27.729472,50995,7.1,5,3,2
HybridSNN,subj5_rep3_fold3,0.3372,0.1681,27.770944,50995,6.8,5,3,3
HybridSNN,subj5_rep3_fold4,0.3256,0.1637,27.749747,50995,6.8,5,3,4
HybridSNN,subj5_rep4_fold0,0.3333,0.1667,27.744218,50995,6.7,5,4,0
HybridSNN,subj5_rep4_fold1,0.3333,0.1667,27.733158,50995,6.8,5,4,1
HybridSNN,subj5_rep4_fold2,0.3372,0.1681,27.745139,50995,6.7,5,4,2
HybridSNN,subj5_rep4_fold3,0.3372,0.1681,27.745139,50995,6.1,5,4,3
HybridSNN,subj5_rep4_fold4,0.3256,0.1637,27.73961,50995,7.1,5,4,4
HybridSNN,subj6_rep0_fold0,0.5632,0.4514,27.764262,50995,10.4,6,0,0
HybridSNN,subj6_rep0_fold1,0.4943,0.404,27.78113,50995,14.1,6,0,1
HybridSNN,subj6_rep0_fold2,0.5,0.4264,27.750678,50995,31.6,6,0,2
HybridSNN,subj6_rep0_fold3,0.4651,0.3761,27.735923,50995,9.4,6,0,3
HybridSNN,subj6_rep0_fold4,0.4884,0.3895,27.746061,50995,9.9,6,0,4
HybridSNN,subj6_rep1_fold0,0.4828,0.389,27.7935,50995,9.7,6,1,0
HybridSNN,subj6_rep1_fold1,0.5632,0.519,27.767325,50995,20.4,6,1,1
HybridSNN,subj6_rep1_fold2,0.4767,0.3873,27.716109,50995,11.6,6,1,2
HybridSNN,subj6_rep1_fold3,0.5349,0.4368,27.715887,50995,22.3,6,1,3
HybridSNN,subj6_rep1_fold4,0.4884,0.3908,27.73961,50995,10.0,6,1,4
HybridSNN,subj6_rep2_fold0,0.4253,0.3417,27.772836,50995,13.4,6,2,0
HybridSNN,subj6_rep2_fold1,0.4828,0.385,27.717606,50995,11.4,6,2,1
HybridSNN,subj6_rep2_fold2,0.4884,0.3915,27.835935,50995,12.1,6,2,2
HybridSNN,subj6_rep2_fold3,0.5349,0.4411,27.730394,50995,18.6,6,2,3
HybridSNN,subj6_rep2_fold4,0.5,0.3975,27.76265,50995,10.0,6,2,4
HybridSNN,subj6_rep3_fold0,0.4943,0.3961,27.72855,50995,11.8,6,3,0
HybridSNN,subj6_rep3_fold1,0.4943,0.3953,27.786726,50995,10.1,6,3,1
HybridSNN,subj6_rep3_fold2,0.5116,0.4138,27.73138,50995,21.7,6,3,2
HybridSNN,subj6_rep3_fold3,0.4535,0.3675,27.798083,50995,11.9,6,3,3
HybridSNN,subj6_rep3_fold4,0.5349,0.4323,27.704819,50995,23.1,6,3,4
HybridSNN,subj6_rep4_fold0,0.5287,0.4294,27.738458,50995,14.2,6,4,0
HybridSNN,subj6_rep4_fold1,0.4713,0.3746,27.735808,50995,12.9,6,4,1
HybridSNN,subj6_rep4_fold2,0.5116,0.4905,27.790377,50995,19.8,6,4,2
HybridSNN,subj6_rep4_fold3,0.4535,0.3566,27.731315,50995,9.2,6,4,3
HybridSNN,subj6_rep4_fold4,0.4884,0.3901,27.70551,50995,10.1,6,4,4
HybridSNN,subj7_rep0_fold0,0.3333,0.1667,27.689843,50995,6.2,7,0,0
HybridSNN,subj7_rep0_fold1,0.6207,0.515,27.757581,50995,18.5,7,0,1
HybridSNN,subj7_rep0_fold2,0.3372,0.1681,27.729472,50995,6.7,7,0,2
HybridSNN,subj7_rep0_fold3,0.6512,0.6098,27.70491,50995,18.8,7,0,3
HybridSNN,subj7_rep0_fold4,0.6628,0.5471,27.743562,50995,20.2,7,0,4
HybridSNN,subj7_rep1_fold0,0.3333,0.1667,27.771866,50995,6.5,7,1,0
HybridSNN,subj7_rep1_fold1,0.6322,0.5249,27.746061,50995,18.4,7,1,1
HybridSNN,subj7_rep1_fold2,0.6628,0.5523,27.738452,50995,25.1,7,1,2
HybridSNN,subj7_rep1_fold3,0.3372,0.1681,27.75159,50995,6.3,7,1,3
HybridSNN,subj7_rep1_fold4,0.6744,0.6488,27.715412,50995,17.4,7,1,4
HybridSNN,subj7_rep2_fold0,0.6437,0.5364,27.766912,50995,18.7,7,2,0
HybridSNN,subj7_rep2_fold1,0.3333,0.1667,27.76265,50995,6.7,7,2,1
HybridSNN,subj7_rep2_fold2,0.3372,0.1681,27.722099,50995,6.5,7,2,2
HybridSNN,subj7_rep2_fold3,0.3372,0.1681,27.754355,50995,6.7,7,2,3
HybridSNN,subj7_rep2_fold4,0.3256,0.1637,27.722099,50995,6.2,7,2,4
HybridSNN,subj7_rep3_fold0,0.3333,0.1667,27.75159,50995,6.4,7,3,0
HybridSNN,subj7_rep3_fold1,0.3333,0.1667,27.729472,50995,6.8,7,3,1
HybridSNN,subj7_rep3_fold2,0.3372,0.1681,27.760806,50995,6.7,7,3,2
HybridSNN,subj7_rep3_fold3,0.3372,0.1681,27.760806,50995,6.5,7,3,3
HybridSNN,subj7_rep3_fold4,0.6395,0.5459,27.717765,50995,20.0,7,3,4
HybridSNN,subj7_rep4_fold0,0.3333,0.1667,27.75159,50995,6.8,7,4,0
HybridSNN,subj7_rep4_fold1,0.6667,0.5556,27.866222,50995,25.9,7,4,1
HybridSNN,subj7_rep4_fold2,0.6279,0.513,27.742032,50995,16.3,7,4,2
HybridSNN,subj7_rep4_fold3,0.3372,0.1681,27.759885,50995,6.4,7,4,3
HybridSNN,subj7_rep4_fold4,0.6279,0.5366,27.75613,50995,17.2,7,4,4
HybridSNN,subj8_rep0_fold0,0.8276,0.8272,27.711033,50995,27.8,8,0,0
HybridSNN,subj8_rep0_fold1,0.8046,0.7992,27.79128,50995,22.7,8,0,1
HybridSNN,subj8_rep0_fold2,0.8372,0.8369,27.768075,50995,26.6,8,0,2
HybridSNN,subj8_rep0_fold3,0.8953,0.8932,27.831125,50995,24.1,8,0,3
HybridSNN,subj8_rep0_fold4,0.8721,0.8692,27.888275,50995,27.5,8,0,4
HybridSNN,subj8_rep1_fold0,0.8736,0.8728,27.853172,50995,24.1,8,1,0
HybridSNN,subj8_rep1_fold1,0.8966,0.8952,27.756785,50995,16.0,8,1,1
HybridSNN,subj8_rep1_fold2,0.8372,0.8346,27.787229,50995,25.2,8,1,2
HybridSNN,subj8_rep1_fold3,0.8605,0.8602,27.76635,50995,27.4,8,1,3
HybridSNN,subj8_rep1_fold4,0.9186,0.9168,27.824292,50995,27.0,8,1,4
HybridSNN,subj8_rep2_fold0,0.8621,0.8573,27.838156,50995,33.0,8,2,0
HybridSNN,subj8_rep2_fold1,0.3333,0.1667,27.776474,50995,6.8,8,2,1
HybridSNN,subj8_rep2_fold2,0.9186,0.917,27.775534,50995,23.4,8,2,2
HybridSNN,subj8_rep2_fold3,0.8837,0.8838,27.76138,50995,19.7,8,2,3
HybridSNN,subj8_rep2_fold4,0.8721,0.8724,27.84644,50995,30.4,8,2,4
HybridSNN,subj8_rep3_fold0,0.908,0.9063,27.849866,50995,19.2,8,3,0
HybridSNN,subj8_rep3_fold1,0.8161,0.8163,27.857259,50995,26.9,8,3,1
HybridSNN,subj8_rep3_fold2,0.9186,0.9148,27.820804,50995,18.6,8,3,2
HybridSNN,subj8_rep3_fold3,0.7442,0.7495,27.822502,50995,33.2,8,3,3
HybridSNN,subj8_rep3_fold4,0.8605,0.8604,27.881975,50995,23.2,8,3,4
HybridSNN,subj8_rep4_fold0,0.908,0.9072,27.878509,50995,28.1,8,4,0
HybridSNN,subj8_rep4_fold1,0.8276,0.8281,27.714726,50995,33.4,8,4,1
HybridSNN,subj8_rep4_fold2,0.8488,0.8451,27.744606,50995,37.6,8,4,2
HybridSNN,subj8_rep4_fold3,0.8372,0.8382,27.831023,50995,22.2,8,4,3
HybridSNN,subj8_rep4_fold4,0.8256,0.8195,27.774344,50995,14.0,8,4,4
HybridSNN,subj9_rep0_fold0,0.9195,0.9184,27.759932,50995,17.6,9,0,0
HybridSNN,subj9_rep0_fold1,0.7816,0.7762,27.762425,50995,17.6,9,0,1
HybridSNN,subj9_rep0_fold2,0.7907,0.7899,27.797147,50995,22.8,9,0,2
HybridSNN,subj9_rep0_fold3,0.6628,0.5806,27.690189,50995,10.9,9,0,3
HybridSNN,subj9_rep0_fold4,0.6279,0.5151,27.774299,50995,16.3,9,0,4
HybridSNN,subj9_rep1_fold0,0.9195,0.9196,27.811059,50995,20.7,9,1,0
HybridSNN,subj9_rep1_fold1,0.8621,0.8595,27.754863,50995,20.8,9,1,1
HybridSNN,subj9_rep1_fold2,0.7791,0.769,27.717164,50995,17.3,9,1,2
HybridSNN,subj9_rep1_fold3,0.7209,0.7142,27.798839,50995,17.8,9,1,3
HybridSNN,subj9_rep1_fold4,0.8256,0.8231,27.753199,50995,32.6,9,1,4
HybridSNN,subj9_rep2_fold0,0.8046,0.7962,27.774443,50995,25.3,9,2,0
HybridSNN,subj9_rep2_fold1,0.7586,0.7582,27.822536,50995,26.1,9,2,1
HybridSNN,subj9_rep2_fold2,0.8256,0.8215,27.76714,50995,21.8,9,2,2
HybridSNN,subj9_rep2_fold3,0.8721,0.8717,27.743699,50995,18.8,9,2,3
HybridSNN,subj9_rep2_fold4,0.9302,0.9304,27.746522,50995,34.4,9,2,4
HybridSNN,subj9_rep3_fold0,0.7701,0.7659,27.71253,50995,18.7,9,3,0
HybridSNN,subj9_rep3_fold1,0.8161,0.8087,27.780147,50995,16.4,9,3,1
HybridSNN,subj9_rep3_fold2,0.9186,0.9179,27.850839,50995,25.0,9,3,2
HybridSNN,subj9_rep3_fold3,0.7674,0.7624,27.75309,50995,23.0,9,3,3
HybridSNN,subj9_rep3_fold4,0.9302,0.9305,27.780052,50995,26.8,9,3,4
HybridSNN,subj9_rep4_fold0,0.8161,0.8156,27.699254,50995,18.8,9,4,0
HybridSNN,subj9_rep4_fold1,0.7586,0.7565,27.792689,50995,34.0,9,4,1
HybridSNN,subj9_rep4_fold2,0.9302,0.93,27.750175,50995,22.8,9,4,2
HybridSNN,subj9_rep4_fold3,0.8605,0.8581,27.820494,50995,18.2,9,4,3
HybridSNN,subj9_rep4_fold4,0.8605,0.8575,27.764688,50995,19.5,9,4,4
FullySNN,subj1_rep0_fold0,0.6552,0.6559,0.297299,51497,157.9,1,0,0
FullySNN,subj1_rep0_fold1,0.6092,0.6079,0.163014,51497,162.0,1,0,1
FullySNN,subj1_rep0_fold2,0.6163,0.5926,0.167554,51497,201.0,1,0,2
FullySNN,subj1_rep0_fold3,0.6047,0.6091,0.168416,51497,137.8,1,0,3
FullySNN,subj1_rep0_fold4,0.5349,0.5334,0.15792,51497,66.0,1,0,4
FullySNN,subj1_rep1_fold0,0.5862,0.5781,0.228045,51497,98.4,1,1,0
FullySNN,subj1_rep1_fold1,0.5287,0.5244,0.223199,51497,37.2,1,1,1
FullySNN,subj1_rep1_fold2,0.6395,0.6316,0.208554,51497,58.4,1,1,2
FullySNN,subj1_rep1_fold3,0.6163,0.617,0.264011,51497,86.1,1,1,3
FullySNN,subj1_rep1_fold4,0.6163,0.6056,0.206894,51497,59.4,1,1,4
FullySNN,subj1_rep2_fold0,0.6207,0.6201,0.178348,51497,72.5,1,2,0
FullySNN,subj1_rep2_fold1,0.4828,0.4738,0.241007,51497,67.4,1,2,1
FullySNN,subj1_rep2_fold2,0.686,0.6843,0.250976,51497,135.1,1,2,2
FullySNN,subj1_rep2_fold3,0.5349,0.5241,0.209764,51497,54.1,1,2,3
FullySNN,subj1_rep2_fold4,0.5814,0.5685,0.153913,51497,36.9,1,2,4
FullySNN,subj1_rep3_fold0,0.5977,0.5915,0.272074,51497,112.7,1,3,0
FullySNN,subj1_rep3_fold1,0.5862,0.5657,0.223899,51497,91.8,1,3,1
FullySNN,subj1_rep3_fold2,0.5581,0.557,0.166638,51497,77.1,1,3,2
FullySNN,subj1_rep3_fold3,0.6163,0.6104,0.248131,51497,45.3,1,3,3
FullySNN,subj1_rep3_fold4,0.6512,0.6532,0.178762,51497,124.1,1,3,4
FullySNN,subj1_rep4_fold0,0.5632,0.5533,0.18446,51497,45.8,1,4,0
FullySNN,subj1_rep4_fold1,0.5977,0.5977,0.216275,51497,103.2,1,4,1
FullySNN,subj1_rep4_fold2,0.5814,0.565,0.19499,51497,68.3,1,4,2
FullySNN,subj1_rep4_fold3,0.5698,0.5298,0.15735,51497,63.2,1,4,3
FullySNN,subj1_rep4_fold4,0.5814,0.5663,0.23683,51497,83.9,1,4,4
FullySNN,subj2_rep0_fold0,0.4253,0.4236,0.193971,51497,41.1,2,0,0
FullySNN,subj2_rep0_fold1,0.3793,0.366,0.125134,51497,87.2,2,0,1
FullySNN,subj2_rep0_fold2,0.4302,0.4201,0.118409,51497,72.2,2,0,2
FullySNN,subj2_rep0_fold3,0.3605,0.3585,0.167932,51497,42.4,2,0,3
FullySNN,subj2_rep0_fold4,0.4535,0.4525,0.2018,51497,74.7,2,0,4
FullySNN,subj2_rep1_fold0,0.4598,0.4225,0.149067,51497,42.3,2,1,0
FullySNN,subj2_rep1_fold1,0.4138,0.4176,0.214727,51497,110.2,2,1,1
FullySNN,subj2_rep1_fold2,0.4767,0.4746,0.185611,51497,96.0,2,1,2
FullySNN,subj2_rep1_fold3,0.4651,0.4589,0.174349,51497,61.4,2,1,3
FullySNN,subj2_rep1_fold4,0.4186,0.3931,0.150962,51497,52.9,2,1,4
FullySNN,subj2_rep2_fold0,0.4253,0.4244,0.149419,51497,69.7,2,2,0
FullySNN,subj2_rep2_fold1,0.4598,0.4598,0.21263,51497,56.6,2,2,1
FullySNN,subj2_rep2_fold2,0.4186,0.4159,0.161362,51497,64.5,2,2,2
FullySNN,subj2_rep2_fold3,0.4186,0.4136,0.189108,51497,51.3,2,2,3
FullySNN,subj2_rep2_fold4,0.4535,0.4499,0.139855,51497,64.6,2,2,4
FullySNN,subj2_rep3_fold0,0.4598,0.4412,0.184765,51497,76.3,2,3,0
FullySNN,subj2_rep3_fold1,0.4368,0.4181,0.105566,51497,88.8,2,3,1
FullySNN,subj2_rep3_fold2,0.4535,0.4596,0.166814,51497,44.7,2,3,2
FullySNN,subj2_rep3_fold3,0.4186,0.4081,0.130885,51497,104.7,2,3,3
FullySNN,subj2_rep3_fold4,0.4302,0.4296,0.169749,51497,118.4,2,3,4
FullySNN,subj2_rep4_fold0,0.4023,0.3703,0.119876,51497,79.2,2,4,0
FullySNN,subj2_rep4_fold1,0.4598,0.4579,0.138352,51497,99.1,2,4,1
FullySNN,subj2_rep4_fold2,0.4419,0.4197,0.160197,51497,63.9,2,4,2
FullySNN,subj2_rep4_fold3,0.4302,0.4194,0.145661,51497,40.5,2,4,3
FullySNN,subj2_rep4_fold4,0.4419,0.4369,0.175098,51497,78.7,2,4,4
FullySNN,subj3_rep0_fold0,0.7011,0.7009,0.105615,51497,127.1,3,0,0
FullySNN,subj3_rep0_fold1,0.5862,0.5852,0.118216,51497,79.1,3,0,1
FullySNN,subj3_rep0_fold2,0.6395,0.6369,0.169063,51497,63.1,3,0,2
FullySNN,subj3_rep0_fold3,0.6628,0.664,0.12717,51497,132.6,3,0,3
FullySNN,subj3_rep0_fold4,0.5814,0.582,0.112553,51497,90.4,3,0,4
FullySNN,subj3_rep1_fold0,0.6322,0.6295,0.139649,51497,105.7,3,1,0
FullySNN,subj3_rep1_fold1,0.6782,0.6726,0.122534,51497,113.5,3,1,1
FullySNN,subj3_rep1_fold2,0.5814,0.582,0.118414,51497,78.6,3,1,2
FullySNN,subj3_rep1_fold3,0.6977,0.6953,0.116024,51497,104.0,3,1,3
FullySNN,subj3_rep1_fold4,0.7326,0.7326,0.133022,51497,80.0,3,1,4
FullySNN,subj3_rep2_fold0,0.6782,0.6677,0.119348,51497,101.3,3,2,0
FullySNN,subj3_rep2_fold1,0.6437,0.644,0.128852,51497,51.3,3,2,1
FullySNN,subj3_rep2_fold2,0.5698,0.5676,0.107106,51497,65.5,3,2,2
FullySNN,subj3_rep2_fold3,0.7326,0.7276,0.113092,51497,81.5,3,2,3
FullySNN,subj3_rep2_fold4,0.6163,0.6147,0.125071,51497,45.8,3,2,4
FullySNN,subj3_rep3_fold0,0.6897,0.6908,0.126737,51497,99.5,3,3,0
FullySNN,subj3_rep3_fold1,0.5747,0.5654,0.133783,51497,73.4,3,3,1
FullySNN,subj3_rep3_fold2,0.7442,0.7426,0.124555,51497,115.8,3,3,2
FullySNN,subj3_rep3_fold3,0.6279,0.6277,0.120239,51497,104.4,3,3,3
FullySNN,subj3_rep3_fold4,0.6395,0.6393,0.128585,51497,135.5,3,3,4
FullySNN,subj3_rep4_fold0,0.7586,0.7601,0.140546,51497,165.8,3,4,0
FullySNN,subj3_rep4_fold1,0.5747,0.5667,0.152396,51497,109.4,3,4,1
FullySNN,subj3_rep4_fold2,0.6395,0.6396,0.113521,51497,86.6,3,4,2
FullySNN,subj3_rep4_fold3,0.6512,0.6482,0.115799,51497,92.7,3,4,3
FullySNN,subj3_rep4_fold4,0.6512,0.6516,0.1258,51497,116.3,3,4,4
FullySNN,subj4_rep0_fold0,0.5862,0.5868,0.177917,51497,78.5,4,0,0
FullySNN,subj4_rep0_fold1,0.5287,0.5201,0.18579,51497,42.1,4,0,1
FullySNN,subj4_rep0_fold2,0.5698,0.5782,0.188427,51497,45.4,4,0,2
FullySNN,subj4_rep0_fold3,0.5233,0.516,0.143132,51497,41.3,4,0,3
FullySNN,subj4_rep0_fold4,0.5698,0.5721,0.182779,51497,83.5,4,0,4
FullySNN,subj4_rep1_fold0,0.5402,0.5267,0.188838,51497,71.0,4,1,0
FullySNN,subj4_rep1_fold1,0.5862,0.576,0.192637,51497,54.1,4,1,1
FullySNN,subj4_rep1_fold2,0.6163,0.6135,0.178564,51497,71.5,4,1,2
FullySNN,subj4_rep1_fold3,0.5349,0.5109,0.177925,51497,36.6,4,1,3
FullySNN,subj4_rep1_fold4,0.5698,0.5699,0.169914,51497,60.6,4,1,4
FullySNN,subj4_rep2_fold0,0.5862,0.5811,0.205039,51497,61.5,4,2,0
FullySNN,subj4_rep2_fold1,0.4828,0.4801,0.169144,51497,74.4,4,2,1
FullySNN,subj4_rep2_fold2,0.6279,0.6277,0.248025,51497,70.9,4,2,2
FullySNN,subj4_rep2_fold3,0.5349,0.5343,0.180531,51497,92.8,4,2,3
FullySNN,subj4_rep2_fold4,0.593,0.5983,0.156084,51497,80.5,4,2,4
FullySNN,subj4_rep3_fold0,0.5517,0.5455,0.183653,51497,84.2,4,3,0
FullySNN,subj4_rep3_fold1,0.5977,0.5945,0.196359,51497,47.1,4,3,1
FullySNN,subj4_rep3_fold2,0.593,0.5832,0.192142,51497,88.8,4,3,2
FullySNN,subj4_rep3_fold3,0.593,0.5869,0.242347,51497,64.9,4,3,3
FullySNN,subj4_rep3_fold4,0.6744,0.671,0.149439,51497,47.7,4,3,4
FullySNN,subj4_rep4_fold0,0.5172,0.5188,0.13881,51497,54.0,4,4,0
FullySNN,subj4_rep4_fold1,0.5977,0.5887,0.192473,51497,93.6,4,4,1
FullySNN,subj4_rep4_fold2,0.5465,0.5421,0.168641,51497,69.7,4,4,2
FullySNN,subj4_rep4_fold3,0.5814,0.5763,0.1728,51497,49.9,4,4,3
FullySNN,subj4_rep4_fold4,0.6279,0.6264,0.171001,51497,100.1,4,4,4
FullySNN,subj5_rep0_fold0,0.4943,0.4778,0.188364,51497,48.3,5,0,0
FullySNN,subj5_rep0_fold1,0.4828,0.4885,0.183067,51497,82.7,5,0,1
FullySNN,subj5_rep0_fold2,0.5,0.4901,0.211795,51497,62.8,5,0,2
FullySNN,subj5_rep0_fold3,0.4884,0.4883,0.130301,51497,81.4,5,0,3
FullySNN,subj5_rep0_fold4,0.4302,0.4159,0.157451,51497,33.2,5,0,4
FullySNN,subj5_rep1_fold0,0.4828,0.4723,0.155263,51497,135.4,5,1,0
FullySNN,subj5_rep1_fold1,0.4713,0.4703,0.165876,51497,102.1,5,1,1
FullySNN,subj5_rep1_fold2,0.4302,0.4272,0.169786,51497,60.4,5,1,2
FullySNN,subj5_rep1_fold3,0.4186,0.3863,0.193023,51497,62.3,5,1,3
FullySNN,subj5_rep1_fold4,0.3721,0.3451,0.183555,51497,52.1,5,1,4
FullySNN,subj5_rep2_fold0,0.4483,0.445,0.175901,51497,52.2,5,2,0
FullySNN,subj5_rep2_fold1,0.4713,0.4711,0.189272,51497,78.8,5,2,1
FullySNN,subj5_rep2_fold2,0.4419,0.4358,0.130111,51497,121.9,5,2,2
FullySNN,subj5_rep2_fold3,0.4419,0.4302,0.1535,51497,132.5,5,2,3
FullySNN,subj5_rep2_fold4,0.4302,0.4189,0.190289,51497,58.2,5,2,4
FullySNN,subj5_rep3_fold0,0.4138,0.4143,0.19755,51497,50.4,5,3,0
FullySNN,subj5_rep3_fold1,0.4598,0.439,0.138749,51497,86.3,5,3,1
FullySNN,subj5_rep3_fold2,0.4419,0.4438,0.183404,51497,61.0,5,3,2
FullySNN,subj5_rep3_fold3,0.4535,0.4272,0.148974,51497,44.4,5,3,3
FullySNN,subj5_rep3_fold4,0.4302,0.4319,0.187283,51497,61.6,5,3,4
FullySNN,subj5_rep4_fold0,0.4023,0.3954,0.152821,51497,39.8,5,4,0
FullySNN,subj5_rep4_fold1,0.4368,0.4315,0.145085,51497,61.5,5,4,1
FullySNN,subj5_rep4_fold2,0.4186,0.4155,0.163149,51497,52.5,5,4,2
FullySNN,subj5_rep4_fold3,0.3837,0.3752,0.185582,51497,78.4,5,4,3
FullySNN,subj5_rep4_fold4,0.4767,0.4752,0.198557,51497,62.3,5,4,4
FullySNN,subj6_rep0_fold0,0.5517,0.5427,0.124222,51497,96.5,6,0,0
FullySNN,subj6_rep0_fold1,0.5632,0.5576,0.166639,51497,77.9,6,0,1
FullySNN,subj6_rep0_fold2,0.4302,0.396,0.198193,51497,44.2,6,0,2
FullySNN,subj6_rep0_fold3,0.4884,0.4826,0.164718,51497,40.2,6,0,3
FullySNN,subj6_rep0_fold4,0.5233,0.4981,0.124479,51497,65.5,6,0,4
FullySNN,subj6_rep1_fold0,0.4943,0.4845,0.213566,51497,45.2,6,1,0
FullySNN,subj6_rep1_fold1,0.5632,0.5661,0.188206,51497,96.8,6,1,1
FullySNN,subj6_rep1_fold2,0.4884,0.4845,0.167214,51497,73.0,6,1,2
FullySNN,subj6_rep1_fold3,0.4884,0.478,0.121394,51497,70.7,6,1,3
FullySNN,subj6_rep1_fold4,0.5349,0.5223,0.147279,51497,64.7,6,1,4
FullySNN,subj6_rep2_fold0,0.5287,0.5238,0.162977,51497,73.2,6,2,0
FullySNN,subj6_rep2_fold1,0.4598,0.4552,0.108675,51497,50.6,6,2,1
FullySNN,subj6_rep2_fold2,0.5116,0.5108,0.177344,51497,70.3,6,2,2
FullySNN,subj6_rep2_fold3,0.5233,0.5215,0.14432,51497,60.1,6,2,3
FullySNN,subj6_rep2_fold4,0.5,0.4998,0.159943,51497,53.2,6,2,4
FullySNN,subj6_rep3_fold0,0.4713,0.4686,0.108428,51497,50.6,6,3,0
FullySNN,subj6_rep3_fold1,0.5402,0.5379,0.180152,51497,91.2,6,3,1
FullySNN,subj6_rep3_fold2,0.4767,0.4738,0.126507,51497,39.0,6,3,2
FullySNN,subj6_rep3_fold3,0.4651,0.4635,0.189835,51497,50.7,6,3,3
FullySNN,subj6_rep3_fold4,0.5465,0.5328,0.128821,51497,42.0,6,3,4
FullySNN,subj6_rep4_fold0,0.5057,0.4995,0.176268,51497,54.6,6,4,0
FullySNN,subj6_rep4_fold1,0.4713,0.4624,0.20795,51497,77.8,6,4,1
FullySNN,subj6_rep4_fold2,0.5116,0.5107,0.144158,51497,97.6,6,4,2
FullySNN,subj6_rep4_fold3,0.4651,0.4598,0.130181,51497,52.5,6,4,3
FullySNN,subj6_rep4_fold4,0.5349,0.5261,0.118056,51497,90.6,6,4,4
FullySNN,subj7_rep0_fold0,0.4368,0.4316,0.146162,51497,71.7,7,0,0
FullySNN,subj7_rep0_fold1,0.4598,0.4564,0.185885,51497,53.7,7,0,1
FullySNN,subj7_rep0_fold2,0.4186,0.4204,0.154382,51497,43.5,7,0,2
FullySNN,subj7_rep0_fold3,0.4302,0.4265,0.170549,51497,61.3,7,0,3
FullySNN,subj7_rep0_fold4,0.3953,0.3699,0.129958,51497,48.4,7,0,4
FullySNN,subj7_rep1_fold0,0.4713,0.4717,0.158045,51497,120.5,7,1,0
FullySNN,subj7_rep1_fold1,0.3793,0.3799,0.176826,51497,45.7,7,1,1
FullySNN,subj7_rep1_fold2,0.4302,0.4271,0.135803,51497,52.7,7,1,2
FullySNN,subj7_rep1_fold3,0.4302,0.4279,0.135788,51497,49.3,7,1,3
FullySNN,subj7_rep1_fold4,0.5349,0.5352,0.149044,51497,63.9,7,1,4
FullySNN,subj7_rep2_fold0,0.4598,0.46,0.148349,51497,113.7,7,2,0
FullySNN,subj7_rep2_fold1,0.4713,0.4674,0.14127,51497,85.5,7,2,1
FullySNN,subj7_rep2_fold2,0.4186,0.4139,0.164644,51497,93.6,7,2,2
FullySNN,subj7_rep2_fold3,0.4186,0.4145,0.14281,51497,84.8,7,2,3
FullySNN,subj7_rep2_fold4,0.3837,0.3753,0.176454,51497,57.8,7,2,4
FullySNN,subj7_rep3_fold0,0.4483,0.4423,0.135621,51497,46.6,7,3,0
FullySNN,subj7_rep3_fold1,0.4943,0.494,0.159486,51497,70.4,7,3,1
FullySNN,subj7_rep3_fold2,0.3953,0.3819,0.15935,51497,50.0,7,3,2
FullySNN,subj7_rep3_fold3,0.4535,0.44,0.154679,51497,72.6,7,3,3
FullySNN,subj7_rep3_fold4,0.3372,0.3224,0.15556,51497,48.8,7,3,4
FullySNN,subj7_rep4_fold0,0.4483,0.4397,0.160363,51497,44.1,7,4,0
FullySNN,subj7_rep4_fold1,0.3678,0.3582,0.140144,51497,69.1,7,4,1
FullySNN,subj7_rep4_fold2,0.4767,0.4772,0.160634,51497,81.2,7,4,2
FullySNN,subj7_rep4_fold3,0.4419,0.4417,0.148486,51497,56.3,7,4,3
FullySNN,subj7_rep4_fold4,0.4535,0.4543,0.142399,51497,64.0,7,4,4
FullySNN,subj8_rep0_fold0,0.4713,0.4607,0.170624,51497,40.1,8,0,0
FullySNN,subj8_rep0_fold1,0.4598,0.4363,0.156584,51497,80.9,8,0,1
FullySNN,subj8_rep0_fold2,0.4651,0.4621,0.179094,51497,61.3,8,0,2
FullySNN,subj8_rep0_fold3,0.4419,0.4164,0.180755,51497,78.6,8,0,3
FullySNN,subj8_rep0_fold4,0.5349,0.5297,0.131919,51497,106.4,8,0,4
FullySNN,subj8_rep1_fold0,0.4368,0.4321,0.161394,51497,101.7,8,1,0
FullySNN,subj8_rep1_fold1,0.4483,0.4324,0.159513,51497,61.6,8,1,1
FullySNN,subj8_rep1_fold2,0.5465,0.5376,0.157952,51497,75.5,8,1,2
FullySNN,subj8_rep1_fold3,0.4651,0.453,0.157501,51497,43.3,8,1,3
FullySNN,subj8_rep1_fold4,0.4767,0.4556,0.174817,51497,61.6,8,1,4
FullySNN,subj8_rep2_fold0,0.5632,0.55,0.167402,51497,105.3,8,2,0
FullySNN,subj8_rep2_fold1,0.4713,0.4557,0.165383,51497,82.4,8,2,1
FullySNN,subj8_rep2_fold2,0.5,0.4928,0.171334,51497,97.7,8,2,2
FullySNN,subj8_rep2_fold3,0.5233,0.5133,0.182993,51497,69.0,8,2,3
FullySNN,subj8_rep2_fold4,0.3837,0.3789,0.12421,51497,40.4,8,2,4
FullySNN,subj8_rep3_fold0,0.4598,0.4512,0.175703,51497,82.7,8,3,0
FullySNN,subj8_rep3_fold1,0.4368,0.4323,0.108805,51497,59.8,8,3,1
FullySNN,subj8_rep3_fold2,0.4884,0.4837,0.121743,51497,58.9,8,3,2
FullySNN,subj8_rep3_fold3,0.5698,0.5623,0.169306,51497,112.5,8,3,3
FullySNN,subj8_rep3_fold4,0.4535,0.4398,0.179124,51497,80.8,8,3,4
FullySNN,subj8_rep4_fold0,0.5977,0.5942,0.194386,51497,69.7,8,4,0
FullySNN,subj8_rep4_fold1,0.4828,0.4721,0.1325,51497,68.0,8,4,1
FullySNN,subj8_rep4_fold2,0.5233,0.5233,0.16652,51497,63.2,8,4,2
FullySNN,subj8_rep4_fold3,0.5,0.4957,0.127704,51497,91.7,8,4,3
FullySNN,subj8_rep4_fold4,0.4651,0.4054,0.163103,51497,61.6,8,4,4
FullySNN,subj9_rep0_fold0,0.6322,0.6296,0.10794,51497,112.2,9,0,0
FullySNN,subj9_rep0_fold1,0.5747,0.5595,0.129769,51497,92.5,9,0,1
FullySNN,subj9_rep0_fold2,0.6279,0.609,0.137197,51497,62.4,9,0,2
FullySNN,subj9_rep0_fold3,0.6279,0.6148,0.177379,51497,116.2,9,0,3
FullySNN,subj9_rep0_fold4,0.6163,0.6006,0.145545,51497,97.8,9,0,4
FullySNN,subj9_rep1_fold0,0.6897,0.6707,0.177799,51497,147.9,9,1,0
FullySNN,subj9_rep1_fold1,0.6207,0.6152,0.169037,51497,87.3,9,1,1
FullySNN,subj9_rep1_fold2,0.6512,0.6354,0.144392,51497,86.0,9,1,2
FullySNN,subj9_rep1_fold3,0.6279,0.6075,0.128267,51497,118.1,9,1,3
FullySNN,subj9_rep1_fold4,0.5233,0.5117,0.181013,51497,47.2,9,1,4
FullySNN,subj9_rep2_fold0,0.6667,0.6433,0.211402,51497,117.3,9,2,0
FullySNN,subj9_rep2_fold1,0.5517,0.5304,0.117098,51497,47.2,9,2,1
FullySNN,subj9_rep2_fold2,0.5814,0.557,0.128235,51497,101.3,9,2,2
FullySNN,subj9_rep2_fold3,0.6279,0.6178,0.150113,51497,113.5,9,2,3
FullySNN,subj9_rep2_fold4,0.6279,0.6219,0.161474,51497,59.5,9,2,4
FullySNN,subj9_rep3_fold0,0.5517,0.5289,0.107285,51497,80.6,9,3,0
FullySNN,subj9_rep3_fold1,0.5287,0.5133,0.164435,51497,46.9,9,3,1
FullySNN,subj9_rep3_fold2,0.6628,0.6599,0.14227,51497,111.0,9,3,2
FullySNN,subj9_rep3_fold3,0.593,0.5863,0.143817,51497,67.8,9,3,3
FullySNN,subj9_rep3_fold4,0.593,0.5873,0.145874,51497,89.1,9,3,4
FullySNN,subj9_rep4_fold0,0.5172,0.505,0.136364,51497,49.1,9,4,0
FullySNN,subj9_rep4_fold1,0.5172,0.5027,0.155408,51497,62.9,9,4,1
FullySNN,subj9_rep4_fold2,0.6279,0.6157,0.146579,51497,114.3,9,4,2
FullySNN,subj9_rep4_fold3,0.6163,0.5988,0.130364,51497,81.9,9,4,3
FullySNN,subj9_rep4_fold4,0.6977,0.6825,0.124124,51497,117.8,9,4,4
